id,day,chain,token,detected_at,entry_at,fill_price,exit_at,exit_reason,resolved,net_return_pct,candidate,population
a547a0fba89cc5926eab742e316e3ffb0b4a5a512cb34833dc4f6ebb8207ffea,2026-09-28 00:00:00+00:00,bnb,0x4902c5ebc598265ed2212b559b042de8a5eeec3f,1790594700000,1790595000000,5.82476711897998,1790602200000,time,True,-1.1162227821301478,support_reclaim|scalp,development
af2dd28c5809c29c824fbe21551df9512cf058d2aadebe29fbc29d86092e21da,2026-09-28 00:00:00+00:00,bnb,0xc07e1300dc138601fa6b0b59f8d0fa477e690589,1790637600000,1790637900000,0.021764355103802,1790645100000,open,False,,support_reclaim|scalp,development
27d33f28058aac933c977ba35a6b1c1211b34f7f355981fa20d6cd8c69b6795b,2026-09-29 00:00:00+00:00,ethereum,0xfaba6f8e4a5e8ab82f62fe7c39859fa577269be3,1790662200000,1790662500000,0.511477167422092,1790669700000,open,False,,support_reclaim|scalp,development
1a62dd685cb836fc56297f9334cd1f4c54544d86d97b3c35aa3eb7e6dc35837e,2026-09-29 00:00:00+00:00,bnb,0xfe189e97832da1573e4e4ff034f4ffc3a15c7777,1790690100000,1790690400000,0.148946617564431,1790697600000,open,False,,support_reclaim|scalp,development
33509e0fa853988e7df12d119d43c5048b4e45998cfbb7e0954d735fad6b7b31,2026-09-29 00:00:00+00:00,robinhood,0x020bfc650a365f8bb26819deaabf3e21291018b4,1790712600000,1790712900000,0.180350824483815,1790720100000,time,True,-3.048410416929191,support_reclaim|scalp,development
4357f9f2a2b659377a845ed3a7d57a7ad1826ef6337ee07efe0df6471332d813,2026-09-30 00:00:00+00:00,bnb,0x4902c5ebc598265ed2212b559b042de8a5eeec3f,1790771700000,1790772000000,5.90163678450061,1790779200000,time,True,-2.3429169398115106,support_reclaim|scalp,development
96dfe4aa37d9e42fa1c214e7c70b3fa9915ac9095313732aeb38acc5e274b097,2026-09-30 00:00:00+00:00,ethereum,0x85f17cf997934a597031b2e18a9ab6ebd4b9f6a4,1790784300000,1790784600000,5.34676168732424,1790791800000,open,False,,support_reclaim|scalp,development
08413693e283eaab4c7d63a5295db53071e0d243ffed537984708461c52c3ad0,2026-10-01 00:00:00+00:00,ethereum,0x85f17cf997934a597031b2e18a9ab6ebd4b9f6a4,1790826000000,1790826300000,5.36431252485941,1790833500000,time,True,-0.455345430593244,support_reclaim|scalp,development
30374c5e395f85375b5f7cf893b2545b15fb437b8efab5ed31f367874de8ad21,2026-10-01 00:00:00+00:00,ethereum,0xfaba6f8e4a5e8ab82f62fe7c39859fa577269be3,1790880000000,1790880300000,0.496550389532845,1790887500000,open,False,,support_reclaim|scalp,development
4a21506de1a66e553909562cb26f2e2060bb3667134c3370428eb69d64a805b2,2026-10-02 00:00:00+00:00,ethereum,0xfaba6f8e4a5e8ab82f62fe7c39859fa577269be3,1790907300000,1790907600000,0.49781397269818,1790914800000,time,True,-2.1763229936000976,support_reclaim|scalp,development
4439b27eca4e288fe238e5a36be7c3a1b1341ed3e297a7175725c7f9147b2eb8,2026-09-27 00:00:00+00:00,robinhood,0x63ffd4aa844f4befcee1b4606e467d1d209a926b,1790544900000,1790545200000,0.0002242994515293,1790545500000,stop,True,-5.000000000000003,trend_pullback|scalp,development
a92571a1e0cf6f9419dcd9f6f1569e0eb3872a98bd41933b3a7c96234462dddf,2026-09-28 00:00:00+00:00,robinhood,0x63ffd4aa844f4befcee1b4606e467d1d209a926b,1790559000000,1790559300000,0.0002491215242106,1790559600000,stop,True,-5.000000000000003,trend_pullback|scalp,development
b94a9462f4f0324b51ded60833e28b5972f94674fbdedae934e0b2e817636ff3,2026-09-28 00:00:00+00:00,solana,6GmAFSYs4gk3FDao5FzzySQpPZaWsa4rUJHacpMpUNgx,1790592600000,1790592900000,0.2459644885404821,1790600100000,open,False,,trend_pullback|scalp,development
b76574348d289317f3e78c3acde90c736989b3a7e7a8e10067b1d8e3cdf241df,2026-09-28 00:00:00+00:00,bnb,0x4902c5ebc598265ed2212b559b042de8a5eeec3f,1790592900000,1790593200000,5.81305439615383,1790600400000,time,True,-1.10974638922474,trend_pullback|scalp,development
222cc2e2fac1c6d88558fa33309780f64eaaae88f0f518719e9bc39ea2b5ee79,2026-09-28 00:00:00+00:00,bnb,0x444045b0ee1ee319a660a5e3d604ca0ffa35acaa,1790606100000,1790606400000,1.38546237385276,1790608200000,stop,True,-5.000000000000003,trend_pullback|scalp,development
019adc6ca32aa7a98e74508360398e2dc3ccfccce52ac0a2bfd27191b87e7738,2026-09-28 00:00:00+00:00,robinhood,0x020bfc650a365f8bb26819deaabf3e21291018b4,1790622300000,1790622600000,0.189665752882629,1790625900000,stop,True,-5.000000000000003,trend_pullback|scalp,development
30af61607e091ca7ff78b1dc394c9704b3d649a0ee067ddf20add7fbe9e85e80,2026-09-28 00:00:00+00:00,bnb,0xfe189e97832da1573e4e4ff034f4ffc3a15c7777,1790629800000,1790630100000,0.158734515116141,1790631600000,stop,True,-5.000000000000014,trend_pullback|scalp,development
840f7c02e95dd4b0371cec1533e229bbfe40de25c3fb3f99475ee96af321699e,2026-09-29 00:00:00+00:00,ethereum,0x4a220e6096b25eadb88358cb44068a3248254675,1790657100000,1790657400000,247.973601852229,1790660400000,stop,True,-5.000000000000003,trend_pullback|scalp,development
42ad3c65e025c494b9e7e2fb64d17c0ea9a52142bca35a77a5a57422998cdf35,2026-09-29 00:00:00+00:00,bnb,0x4902c5ebc598265ed2212b559b042de8a5eeec3f,1790670000000,1790670300000,5.73760327963811,1790677500000,time,True,-1.9706461884923847,trend_pullback|scalp,development
1a62dd685cb836fc56297f9334cd1f4c54544d86d97b3c35aa3eb7e6dc35837e,2026-09-29 00:00:00+00:00,bnb,0xfe189e97832da1573e4e4ff034f4ffc3a15c7777,1790690100000,1790690400000,0.148946617564431,1790697600000,open,False,,trend_pullback|scalp,development
9e9d94ed5321f1b499e98f3bab9dd0d1780d53e261667d20f11a6346b677a0cc,2026-09-29 00:00:00+00:00,bnb,0xeec6574eabba52bac3f0277f2cd5ac7e67197886,1790707200000,1790707500000,0.09003970574439,1790709900000,tp,True,8.0,trend_pullback|scalp,development
33509e0fa853988e7df12d119d43c5048b4e45998cfbb7e0954d735fad6b7b31,2026-09-29 00:00:00+00:00,robinhood,0x020bfc650a365f8bb26819deaabf3e21291018b4,1790712600000,1790712900000,0.180350824483815,1790720100000,time,True,-3.048410416929191,trend_pullback|scalp,development
af305b28b6e880908177bfb4f96d3de209fb1bacf9bddbb42fcabcd5c53fe0e2,2026-09-29 00:00:00+00:00,robinhood,0xd17c81cb01d44cc6e822936e8f098960001b47d2,1790716800000,1790717100000,0.0001602285798164,1790724300000,time,True,-1.8798049237441752,trend_pullback|scalp,development
18f71724d5fad47226141a2979d62dbb9ce30351a7d317ce986a0f3836b211d7,2026-09-30 00:00:00+00:00,bnb,0xeec6574eabba52bac3f0277f2cd5ac7e67197886,1790728200000,1790728500000,0.0932235841510565,1790735700000,time,True,-1.78602138243593,trend_pullback|scalp,development
c9b079f7cd22f95df5462ebbd69e04d011f279aa9dcd8ac4687f055698e074b2,2026-09-30 00:00:00+00:00,robinhood,0xd17c81cb01d44cc6e822936e8f098960001b47d2,1790729400000,1790729700000,0.0001581664574779,1790736900000,open,False,,trend_pullback|scalp,development
ebabffb00803ac31e91c471ba9edfeb4fa73c8ac69874bb8817ac77115505287,2026-09-30 00:00:00+00:00,robinhood,0xa241395adcdf456f6dc04d1bc02b18e6f4c4052c,1790736600000,1790736900000,0.0009723172919257,1790737200000,stop,True,-5.000000000000003,trend_pullback|scalp,development
1ba08ae28c0ea1176c4f078b8f015eb02e8fef9857543921eb0ede09cc3b988a,2026-09-30 00:00:00+00:00,bnb,0x4902c5ebc598265ed2212b559b042de8a5eeec3f,1790746500000,1790746800000,5.82328305710373,1790754000000,time,True,-2.0220834124281644,trend_pullback|scalp,development
838b7836fb4162b851edd5f13d1dca710cafb3aa91ce502f7f55ab7c90026cf0,2026-09-30 00:00:00+00:00,ethereum,0x4a220e6096b25eadb88358cb44068a3248254675,1790749200000,1790749500000,294.049363399179,1790751600000,stop,True,-5.000000000000014,trend_pullback|scalp,development
6aeb17f3bc783ba02f0a37e353cf540ecdaddf08a830a5e23d88810c68b6ddd7,2026-09-30 00:00:00+00:00,ethereum,0x232ce3bd40fcd6f80f3d55a522d03f25df784ee2,1790751600000,1790751900000,3.82937905395417,1790756100000,stop,True,-5.000000000000003,trend_pullback|scalp,development
438b387ba621a1abc1c68c6436bb1e536baf0f84f3b6cb66a1a3d793b85e7e2c,2026-09-30 00:00:00+00:00,bnb,0xb9e1fd5a02d3a33b25a14d661414e6ed6954a721,1790805900000,1790806200000,0.496464713236639,1790813400000,time,True,-1.8035545461725129,trend_pullback|scalp,development
b45bfd51ab3266e26f5904bdaa637bdb3a349b65347c8d73fa6bb98d33b20986,2026-10-01 00:00:00+00:00,robinhood,0x18e674231a58c239dc7daedcffe15ec3a24cff5c,1790821800000,1790822100000,0.0167669333829878,1790823300000,stop,True,-5.000000000000003,trend_pullback|scalp,development
7588809f8d5e6bd172930e2ea00b3b58bf50225cc7d6a8a1d2d5e57ccf13e9a2,2026-10-01 00:00:00+00:00,bnb,0xfe189e97832da1573e4e4ff034f4ffc3a15c7777,1790822400000,1790822700000,0.138780849367638,1790829900000,time,True,-0.4293563639809354,trend_pullback|scalp,development
0c390ce2968535e6a74572c75d82c192b4966ff2a652819e568472db88595b1e,2026-10-01 00:00:00+00:00,bnb,0xb9e1fd5a02d3a33b25a14d661414e6ed6954a721,1790837700000,1790838000000,0.483078010566952,1790838600000,stop,True,-5.000000000000003,trend_pullback|scalp,development
3f6ff9ecb70a895e3b9a6ae0cb24c9b264937c55fa085cd559d9e7d067216b61,2026-10-01 00:00:00+00:00,ethereum,0x4a220e6096b25eadb88358cb44068a3248254675,1790841000000,1790841300000,297.727899821674,1790848500000,time,True,-3.142246076772091,trend_pullback|scalp,development
f0de1766016e663d91d4ae0405aea3f710760ced210a8e92737cda09e4719174,2026-10-01 00:00:00+00:00,bnb,0x0a092e544da31150b439a1aaa1a3a2214a867f46,1790856900000,1790857200000,0.486875153081222,1790864400000,time,True,0.7409223573620745,trend_pullback|scalp,development
c1d546845fbe1738893bf54970ad314f5b1e4c531e5b98b387cbe675d175bd07,2026-10-01 00:00:00+00:00,ethereum,0x85f17cf997934a597031b2e18a9ab6ebd4b9f6a4,1790878200000,1790878500000,4.94259642132011,1790885700000,open,False,,trend_pullback|scalp,development
e01ca587d75121b9d1115e65306bddaa4cb618aa15955b48114e41b6e4ee510d,2026-10-02 00:00:00+00:00,bnb,0x0a092e544da31150b439a1aaa1a3a2214a867f46,1790899500000,1790899800000,0.504270336832199,1790902800000,stop,True,-5.000000000000003,trend_pullback|scalp,development
c59903e63d8de367327cb492892204a6b51dc271d5dad65aad63e5c11803dd75,2026-10-02 00:00:00+00:00,ethereum,0x4a220e6096b25eadb88358cb44068a3248254675,1790907600000,1790907900000,256.756157839936,1790912100000,stop,True,-5.000000000000003,trend_pullback|scalp,development
16272961f2cfc4f087adca868cf9630a556f6caf9a21c9ed22121ee40c95fbbf,2026-10-02 00:00:00+00:00,ethereum,0x85f17cf997934a597031b2e18a9ab6ebd4b9f6a4,1790913900000,1790914200000,,1790921400000,missing_entry,False,,trend_pullback|scalp,development
0621ac3ef178b03486025f6a007852659054a0c0bf0174c6f7d174012948aa33,2026-10-02 00:00:00+00:00,ethereum,0xa0df17b5ac76ababa36e1450e2cbcd18a620c845,1790926500000,1790926800000,0.0149623811298925,1790934000000,stop,True,-5.000000000000003,trend_pullback|scalp,development
02557601df2f5b1ccbd0807883a7591931d8c2ccc80fa394a03dce59688f71c2,2026-09-26 00:00:00+00:00,bnb,0x4fa7c69a7b69f8bc48233024d546bc299d6b03bf,1790463000000,1790463300000,0.0016080056420318,1790470500000,time,True,-1.7690953900778332,volume_ignition|scalp,development
09c55aaefedb4adee788cdba0737dd5d235df6526498a7c50811328d6972d6e5,2026-09-28 00:00:00+00:00,bnb,0x4902c5ebc598265ed2212b559b042de8a5eeec3f,1790579100000,1790579400000,5.86539204177771,1790586600000,time,True,-2.819292324878851,volume_ignition|scalp,development
377b35ced5b02f5fa26b3a6e1b13f63d1e0fead196d13e3bedbb691fb673575f,2026-09-28 00:00:00+00:00,solana,6GmAFSYs4gk3FDao5FzzySQpPZaWsa4rUJHacpMpUNgx,1790593200000,1790593500000,0.2518349872035835,1790595900000,stop,True,-5.000000000000003,volume_ignition|scalp,development
95efef55309e060c91fecfe7134468117438ea15c316330dffb5f5270384a038,2026-09-29 00:00:00+00:00,ethereum,0x95ad61b0a150d79219dcf64e1e6cc01f0b64c4ce,1790662500000,1790662800000,5.6028751462e-06,1790670000000,time,True,0.3922059230027326,volume_ignition|scalp,development
b6ef74c04ef98a23aa51de18889a1971202dc80fdc50748d16ded67fe648f09a,2026-09-29 00:00:00+00:00,bnb,0xfe189e97832da1573e4e4ff034f4ffc3a15c7777,1790665500000,1790665800000,0.165622742134683,1790667300000,stop,True,-5.000000000000003,volume_ignition|scalp,development
42ad3c65e025c494b9e7e2fb64d17c0ea9a52142bca35a77a5a57422998cdf35,2026-09-29 00:00:00+00:00,bnb,0x4902c5ebc598265ed2212b559b042de8a5eeec3f,1790670000000,1790670300000,5.73760327963811,1790677500000,time,True,-1.9706461884923847,volume_ignition|scalp,development
f4f271517289c87e88ffe022701aeb17c39f4741df86c62695eecfeb5c1ed419,2026-09-29 00:00:00+00:00,ethereum,0x4a220e6096b25eadb88358cb44068a3248254675,1790696100000,1790696400000,250.711037407269,1790703600000,time,True,-3.313056094033594,volume_ignition|scalp,development
c466ce0d96181d1bdf4184af74e0532ce6ea2fd73c498f826f200f8767bcc82a,2026-09-30 00:00:00+00:00,bnb,0xb9e1fd5a02d3a33b25a14d661414e6ed6954a721,1790730000000,1790730300000,0.421519338614464,1790732400000,stop,True,-5.000000000000003,volume_ignition|scalp,development
0f08066b27d0a8c26bf13560c5c0892bfe1f16ff5a426b24e8494cfafd65e7a0,2026-09-30 00:00:00+00:00,ethereum,0x85f17cf997934a597031b2e18a9ab6ebd4b9f6a4,1790753700000,1790754000000,5.00648689855549,1790761200000,time,True,0.3352230553307151,volume_ignition|scalp,development
657759c9a321ed249d26e5903d7ad1f3338fcb1a5b8db564a57e8aee8b9fa129,2026-09-30 00:00:00+00:00,ethereum,0x57e114b691db790c35207b2e685d4a43181e6061,1790756400000,1790756700000,0.252454106847987,1790763900000,time,True,0.263390708145474,volume_ignition|scalp,development
6d5b7282dbeeb0348e6524a3b30d2a29b5dc272a8221f806d45fe6a244ba98d7,2026-09-30 00:00:00+00:00,robinhood,0x39dbed3a2bd333467115de45665cc57f813c4571,1790758200000,1790758500000,0.546102759386325,1790765700000,open,False,,volume_ignition|scalp,development
0fd299bed67f73f0cd6292962f806e4ab17268ac67ab1c654138bb99b3ef005c,2026-09-30 00:00:00+00:00,ethereum,0x4a220e6096b25eadb88358cb44068a3248254675,1790763600000,1790763900000,294.449967742038,1790768100000,tp,True,8.0,volume_ignition|scalp,development
4d02f9c09192ef72f965391c58cba6c76b8b2b9d46b6b285a07a8a47d056695b,2026-09-30 00:00:00+00:00,ethereum,0x232ce3bd40fcd6f80f3d55a522d03f25df784ee2,1790785500000,1790785800000,4.01612891857346,1790793000000,time,True,-4.09533868958024,volume_ignition|scalp,development
cb73c03ad784ee972be2efcf492dcd8571231e954ecc88c17c24cfce414501dd,2026-09-30 00:00:00+00:00,robinhood,0x56910d4409f3a0c78c64dd8d0545ff0705389870,1790793300000,1790793600000,0.0239379899473795,1790797800000,stop,True,-5.000000000000003,volume_ignition|scalp,development
53e38feda062d3e560127755c082604faf4d7135355dd93b2050ea2d23f0dd0a,2026-10-01 00:00:00+00:00,bnb,0x4fa7c69a7b69f8bc48233024d546bc299d6b03bf,1790814300000,1790814600000,0.0016035427768835,1790821800000,time,True,-2.1464796624462417,volume_ignition|scalp,development
3f6ff9ecb70a895e3b9a6ae0cb24c9b264937c55fa085cd559d9e7d067216b61,2026-10-01 00:00:00+00:00,ethereum,0x4a220e6096b25eadb88358cb44068a3248254675,1790841000000,1790841300000,297.727899821674,1790848500000,time,True,-3.142246076772091,volume_ignition|scalp,development
b38a3c1bfa49ee511c05b1026fb23da62a7e220e368ce376eca06f86cb3bc9cd,2026-10-01 00:00:00+00:00,ethereum,0x4e67db19044549ff420860834c91b45bad298722,1790879400000,1790879700000,0.0144586405004989,1790882400000,tp,True,8.0,volume_ignition|scalp,development
30374c5e395f85375b5f7cf893b2545b15fb437b8efab5ed31f367874de8ad21,2026-10-01 00:00:00+00:00,ethereum,0xfaba6f8e4a5e8ab82f62fe7c39859fa577269be3,1790880000000,1790880300000,0.496550389532845,1790887500000,open,False,,volume_ignition|scalp,development
5a8351cda517193651425cc29d0701b23e98b3b040e12be14c6a2dcc53a24c8b,2026-10-01 00:00:00+00:00,ethereum,0x232ce3bd40fcd6f80f3d55a522d03f25df784ee2,1790881800000,1790882100000,3.93242239117894,1790889300000,open,False,,volume_ignition|scalp,development
eba271b831d3aa05dc53be9766944e5f054acfda3aca0cd3c2c29831636a7245,2026-10-01 00:00:00+00:00,ethereum,0x126f5ece91d971f8ad62fa4fc1054456b8bd1111,1790889900000,1790890200000,0.002554976704178,1790892000000,tp,True,8.0,volume_ignition|scalp,development
2480e867f73c8a65918e990fc88a33205910044eb35e03a7fca115d77aa3309a,2026-10-02 00:00:00+00:00,robinhood,0x39dbed3a2bd333467115de45665cc57f813c4571,1790921100000,1790921400000,0.536987252563964,1790928600000,open,False,,volume_ignition|scalp,development
a547a0fba89cc5926eab742e316e3ffb0b4a5a512cb34833dc4f6ebb8207ffea,2026-09-28 00:00:00+00:00,bnb,0x4902c5ebc598265ed2212b559b042de8a5eeec3f,1790594700000,1790595000000,5.82476711897998,1790616600000,time,True,-3.344830275946851,support_reclaim|runner,development
af2dd28c5809c29c824fbe21551df9512cf058d2aadebe29fbc29d86092e21da,2026-09-28 00:00:00+00:00,bnb,0xc07e1300dc138601fa6b0b59f8d0fa477e690589,1790637600000,1790637900000,0.021764355103802,1790659500000,open,False,,support_reclaim|runner,development
27d33f28058aac933c977ba35a6b1c1211b34f7f355981fa20d6cd8c69b6795b,2026-09-29 00:00:00+00:00,ethereum,0xfaba6f8e4a5e8ab82f62fe7c39859fa577269be3,1790662200000,1790662500000,0.511477167422092,1790684100000,open,False,,support_reclaim|runner,development
1a62dd685cb836fc56297f9334cd1f4c54544d86d97b3c35aa3eb7e6dc35837e,2026-09-29 00:00:00+00:00,bnb,0xfe189e97832da1573e4e4ff034f4ffc3a15c7777,1790690100000,1790690400000,0.148946617564431,1790712000000,open,False,,support_reclaim|runner,development
33509e0fa853988e7df12d119d43c5048b4e45998cfbb7e0954d735fad6b7b31,2026-09-29 00:00:00+00:00,robinhood,0x020bfc650a365f8bb26819deaabf3e21291018b4,1790712600000,1790712900000,0.180350824483815,1790725200000,stop,True,-7.000000000000004,support_reclaim|runner,development
4357f9f2a2b659377a845ed3a7d57a7ad1826ef6337ee07efe0df6471332d813,2026-09-30 00:00:00+00:00,bnb,0x4902c5ebc598265ed2212b559b042de8a5eeec3f,1790771700000,1790772000000,5.90163678450061,1790793600000,open,False,,support_reclaim|runner,development
96dfe4aa37d9e42fa1c214e7c70b3fa9915ac9095313732aeb38acc5e274b097,2026-09-30 00:00:00+00:00,ethereum,0x85f17cf997934a597031b2e18a9ab6ebd4b9f6a4,1790784300000,1790784600000,5.34676168732424,1790806200000,open,False,,support_reclaim|runner,development
08413693e283eaab4c7d63a5295db53071e0d243ffed537984708461c52c3ad0,2026-10-01 00:00:00+00:00,ethereum,0x85f17cf997934a597031b2e18a9ab6ebd4b9f6a4,1790826000000,1790826300000,5.36431252485941,1790847900000,open,False,,support_reclaim|runner,development
30374c5e395f85375b5f7cf893b2545b15fb437b8efab5ed31f367874de8ad21,2026-10-01 00:00:00+00:00,ethereum,0xfaba6f8e4a5e8ab82f62fe7c39859fa577269be3,1790880000000,1790880300000,0.496550389532845,1790901900000,open,False,,support_reclaim|runner,development
4a21506de1a66e553909562cb26f2e2060bb3667134c3370428eb69d64a805b2,2026-10-02 00:00:00+00:00,ethereum,0xfaba6f8e4a5e8ab82f62fe7c39859fa577269be3,1790907300000,1790907600000,0.49781397269818,1790929200000,time,True,-0.3231988828949577,support_reclaim|runner,development
4439b27eca4e288fe238e5a36be7c3a1b1341ed3e297a7175725c7f9147b2eb8,2026-09-27 00:00:00+00:00,robinhood,0x63ffd4aa844f4befcee1b4606e467d1d209a926b,1790544900000,1790545200000,0.0002242994515293,1790552100000,breakeven,True,3.0,trend_pullback|runner,development
a92571a1e0cf6f9419dcd9f6f1569e0eb3872a98bd41933b3a7c96234462dddf,2026-09-28 00:00:00+00:00,robinhood,0x63ffd4aa844f4befcee1b4606e467d1d209a926b,1790559000000,1790559300000,0.0002491215242106,1790561400000,stop,True,-7.000000000000004,trend_pullback|runner,development
b94a9462f4f0324b51ded60833e28b5972f94674fbdedae934e0b2e817636ff3,2026-09-28 00:00:00+00:00,solana,6GmAFSYs4gk3FDao5FzzySQpPZaWsa4rUJHacpMpUNgx,1790592600000,1790592900000,0.2459644885404821,1790614500000,open,False,,trend_pullback|runner,development
b76574348d289317f3e78c3acde90c736989b3a7e7a8e10067b1d8e3cdf241df,2026-09-28 00:00:00+00:00,bnb,0x4902c5ebc598265ed2212b559b042de8a5eeec3f,1790592900000,1790593200000,5.81305439615383,1790614800000,time,True,-4.300818695158147,trend_pullback|runner,development
222cc2e2fac1c6d88558fa33309780f64eaaae88f0f518719e9bc39ea2b5ee79,2026-09-28 00:00:00+00:00,bnb,0x444045b0ee1ee319a660a5e3d604ca0ffa35acaa,1790606100000,1790606400000,1.38546237385276,1790608200000,stop,True,-7.000000000000004,trend_pullback|runner,development
019adc6ca32aa7a98e74508360398e2dc3ccfccce52ac0a2bfd27191b87e7738,2026-09-28 00:00:00+00:00,robinhood,0x020bfc650a365f8bb26819deaabf3e21291018b4,1790622300000,1790622600000,0.189665752882629,1790628900000,stop,True,-7.000000000000004,trend_pullback|runner,development
30af61607e091ca7ff78b1dc394c9704b3d649a0ee067ddf20add7fbe9e85e80,2026-09-28 00:00:00+00:00,bnb,0xfe189e97832da1573e4e4ff034f4ffc3a15c7777,1790629800000,1790630100000,0.158734515116141,1790648100000,stop,True,-7.000000000000004,trend_pullback|runner,development
840f7c02e95dd4b0371cec1533e229bbfe40de25c3fb3f99475ee96af321699e,2026-09-29 00:00:00+00:00,ethereum,0x4a220e6096b25eadb88358cb44068a3248254675,1790657100000,1790657400000,247.973601852229,1790679000000,open,False,,trend_pullback|runner,development
42ad3c65e025c494b9e7e2fb64d17c0ea9a52142bca35a77a5a57422998cdf35,2026-09-29 00:00:00+00:00,bnb,0x4902c5ebc598265ed2212b559b042de8a5eeec3f,1790670000000,1790670300000,5.73760327963811,1790691900000,time,True,5.105647675939792,trend_pullback|runner,development
1a62dd685cb836fc56297f9334cd1f4c54544d86d97b3c35aa3eb7e6dc35837e,2026-09-29 00:00:00+00:00,bnb,0xfe189e97832da1573e4e4ff034f4ffc3a15c7777,1790690100000,1790690400000,0.148946617564431,1790712000000,open,False,,trend_pullback|runner,development
9e9d94ed5321f1b499e98f3bab9dd0d1780d53e261667d20f11a6346b677a0cc,2026-09-29 00:00:00+00:00,bnb,0xeec6574eabba52bac3f0277f2cd5ac7e67197886,1790707200000,1790707500000,0.09003970574439,1790709900000,breakeven,True,3.0,trend_pullback|runner,development
33509e0fa853988e7df12d119d43c5048b4e45998cfbb7e0954d735fad6b7b31,2026-09-29 00:00:00+00:00,robinhood,0x020bfc650a365f8bb26819deaabf3e21291018b4,1790712600000,1790712900000,0.180350824483815,1790725200000,stop,True,-7.000000000000004,trend_pullback|runner,development
af305b28b6e880908177bfb4f96d3de209fb1bacf9bddbb42fcabcd5c53fe0e2,2026-09-29 00:00:00+00:00,robinhood,0xd17c81cb01d44cc6e822936e8f098960001b47d2,1790716800000,1790717100000,0.0001602285798164,1790738700000,open,False,,trend_pullback|runner,development
18f71724d5fad47226141a2979d62dbb9ce30351a7d317ce986a0f3836b211d7,2026-09-30 00:00:00+00:00,bnb,0xeec6574eabba52bac3f0277f2cd5ac7e67197886,1790728200000,1790728500000,0.0932235841510565,1790750100000,time,True,-2.6942596687637304,trend_pullback|runner,development
c9b079f7cd22f95df5462ebbd69e04d011f279aa9dcd8ac4687f055698e074b2,2026-09-30 00:00:00+00:00,robinhood,0xd17c81cb01d44cc6e822936e8f098960001b47d2,1790729400000,1790729700000,0.0001581664574779,1790751300000,open,False,,trend_pullback|runner,development
ebabffb00803ac31e91c471ba9edfeb4fa73c8ac69874bb8817ac77115505287,2026-09-30 00:00:00+00:00,robinhood,0xa241395adcdf456f6dc04d1bc02b18e6f4c4052c,1790736600000,1790736900000,0.0009723172919257,1790739000000,tp2,True,13.0,trend_pullback|runner,development
1ba08ae28c0ea1176c4f078b8f015eb02e8fef9857543921eb0ede09cc3b988a,2026-09-30 00:00:00+00:00,bnb,0x4902c5ebc598265ed2212b559b042de8a5eeec3f,1790746500000,1790746800000,5.82328305710373,1790768400000,time,True,-0.6558619203250498,trend_pullback|runner,development
838b7836fb4162b851edd5f13d1dca710cafb3aa91ce502f7f55ab7c90026cf0,2026-09-30 00:00:00+00:00,ethereum,0x4a220e6096b25eadb88358cb44068a3248254675,1790749200000,1790749500000,294.049363399179,1790751900000,stop,True,-7.000000000000016,trend_pullback|runner,development
6aeb17f3bc783ba02f0a37e353cf540ecdaddf08a830a5e23d88810c68b6ddd7,2026-09-30 00:00:00+00:00,ethereum,0x232ce3bd40fcd6f80f3d55a522d03f25df784ee2,1790751600000,1790751900000,3.82937905395417,1790773500000,time,True,1.5248664501504656,trend_pullback|runner,development
438b387ba621a1abc1c68c6436bb1e536baf0f84f3b6cb66a1a3d793b85e7e2c,2026-09-30 00:00:00+00:00,bnb,0xb9e1fd5a02d3a33b25a14d661414e6ed6954a721,1790805900000,1790806200000,0.496464713236639,1790822700000,stop,True,-7.000000000000004,trend_pullback|runner,development
b45bfd51ab3266e26f5904bdaa637bdb3a349b65347c8d73fa6bb98d33b20986,2026-10-01 00:00:00+00:00,robinhood,0x18e674231a58c239dc7daedcffe15ec3a24cff5c,1790821800000,1790822100000,0.0167669333829878,1790829900000,tp2,True,13.0,trend_pullback|runner,development
7588809f8d5e6bd172930e2ea00b3b58bf50225cc7d6a8a1d2d5e57ccf13e9a2,2026-10-01 00:00:00+00:00,bnb,0xfe189e97832da1573e4e4ff034f4ffc3a15c7777,1790822400000,1790822700000,0.138780849367638,1790844300000,open,False,,trend_pullback|runner,development
0c390ce2968535e6a74572c75d82c192b4966ff2a652819e568472db88595b1e,2026-10-01 00:00:00+00:00,bnb,0xb9e1fd5a02d3a33b25a14d661414e6ed6954a721,1790837700000,1790838000000,0.483078010566952,1790838600000,stop,True,-6.999999999999993,trend_pullback|runner,development
3f6ff9ecb70a895e3b9a6ae0cb24c9b264937c55fa085cd559d9e7d067216b61,2026-10-01 00:00:00+00:00,ethereum,0x4a220e6096b25eadb88358cb44068a3248254675,1790841000000,1790841300000,297.727899821674,1790850000000,stop,True,-7.000000000000004,trend_pullback|runner,development
f0de1766016e663d91d4ae0405aea3f710760ced210a8e92737cda09e4719174,2026-10-01 00:00:00+00:00,bnb,0x0a092e544da31150b439a1aaa1a3a2214a867f46,1790856900000,1790857200000,0.486875153081222,1790867100000,stop,True,-7.000000000000004,trend_pullback|runner,development
c1d546845fbe1738893bf54970ad314f5b1e4c531e5b98b387cbe675d175bd07,2026-10-01 00:00:00+00:00,ethereum,0x85f17cf997934a597031b2e18a9ab6ebd4b9f6a4,1790878200000,1790878500000,4.94259642132011,1790900100000,open,False,,trend_pullback|runner,development
e01ca587d75121b9d1115e65306bddaa4cb618aa15955b48114e41b6e4ee510d,2026-10-02 00:00:00+00:00,bnb,0x0a092e544da31150b439a1aaa1a3a2214a867f46,1790899500000,1790899800000,0.504270336832199,1790902800000,stop,True,-7.000000000000004,trend_pullback|runner,development
c59903e63d8de367327cb492892204a6b51dc271d5dad65aad63e5c11803dd75,2026-10-02 00:00:00+00:00,ethereum,0x4a220e6096b25eadb88358cb44068a3248254675,1790907600000,1790907900000,256.756157839936,1790922900000,stop,True,-7.000000000000004,trend_pullback|runner,development
16272961f2cfc4f087adca868cf9630a556f6caf9a21c9ed22121ee40c95fbbf,2026-10-02 00:00:00+00:00,ethereum,0x85f17cf997934a597031b2e18a9ab6ebd4b9f6a4,1790913900000,1790914200000,,1790935800000,missing_entry,False,,trend_pullback|runner,development
0621ac3ef178b03486025f6a007852659054a0c0bf0174c6f7d174012948aa33,2026-10-02 00:00:00+00:00,ethereum,0xa0df17b5ac76ababa36e1450e2cbcd18a620c845,1790926500000,1790926800000,0.0149623811298925,1790934000000,stop,True,-7.000000000000004,trend_pullback|runner,development
02557601df2f5b1ccbd0807883a7591931d8c2ccc80fa394a03dce59688f71c2,2026-09-26 00:00:00+00:00,bnb,0x4fa7c69a7b69f8bc48233024d546bc299d6b03bf,1790463000000,1790463300000,0.0016080056420318,1790484900000,time,True,-1.8961252750276696,volume_ignition|runner,development
09c55aaefedb4adee788cdba0737dd5d235df6526498a7c50811328d6972d6e5,2026-09-28 00:00:00+00:00,bnb,0x4902c5ebc598265ed2212b559b042de8a5eeec3f,1790579100000,1790579400000,5.86539204177771,1790601000000,time,True,-1.7538251064952863,volume_ignition|runner,development
377b35ced5b02f5fa26b3a6e1b13f63d1e0fead196d13e3bedbb691fb673575f,2026-09-28 00:00:00+00:00,solana,6GmAFSYs4gk3FDao5FzzySQpPZaWsa4rUJHacpMpUNgx,1790593200000,1790593500000,0.2518349872035835,1790615100000,open,False,,volume_ignition|runner,development
95efef55309e060c91fecfe7134468117438ea15c316330dffb5f5270384a038,2026-09-29 00:00:00+00:00,ethereum,0x95ad61b0a150d79219dcf64e1e6cc01f0b64c4ce,1790662500000,1790662800000,5.6028751462e-06,1790684400000,time,True,2.958328733346584,volume_ignition|runner,development
b6ef74c04ef98a23aa51de18889a1971202dc80fdc50748d16ded67fe648f09a,2026-09-29 00:00:00+00:00,bnb,0xfe189e97832da1573e4e4ff034f4ffc3a15c7777,1790665500000,1790665800000,0.165622742134683,1790668800000,stop,True,-7.000000000000016,volume_ignition|runner,development
42ad3c65e025c494b9e7e2fb64d17c0ea9a52142bca35a77a5a57422998cdf35,2026-09-29 00:00:00+00:00,bnb,0x4902c5ebc598265ed2212b559b042de8a5eeec3f,1790670000000,1790670300000,5.73760327963811,1790691900000,time,True,5.105647675939792,volume_ignition|runner,development
f4f271517289c87e88ffe022701aeb17c39f4741df86c62695eecfeb5c1ed419,2026-09-29 00:00:00+00:00,ethereum,0x4a220e6096b25eadb88358cb44068a3248254675,1790696100000,1790696400000,250.711037407269,1790718000000,open,False,,volume_ignition|runner,development
c466ce0d96181d1bdf4184af74e0532ce6ea2fd73c498f826f200f8767bcc82a,2026-09-30 00:00:00+00:00,bnb,0xb9e1fd5a02d3a33b25a14d661414e6ed6954a721,1790730000000,1790730300000,0.421519338614464,1790733600000,stop,True,-7.000000000000004,volume_ignition|runner,development
0f08066b27d0a8c26bf13560c5c0892bfe1f16ff5a426b24e8494cfafd65e7a0,2026-09-30 00:00:00+00:00,ethereum,0x85f17cf997934a597031b2e18a9ab6ebd4b9f6a4,1790753700000,1790754000000,5.00648689855549,1790775600000,time,True,6.453691861468943,volume_ignition|runner,development
657759c9a321ed249d26e5903d7ad1f3338fcb1a5b8db564a57e8aee8b9fa129,2026-09-30 00:00:00+00:00,ethereum,0x57e114b691db790c35207b2e685d4a43181e6061,1790756400000,1790756700000,0.252454106847987,1790778300000,time,True,5.588630859112162,volume_ignition|runner,development
6d5b7282dbeeb0348e6524a3b30d2a29b5dc272a8221f806d45fe6a244ba98d7,2026-09-30 00:00:00+00:00,robinhood,0x39dbed3a2bd333467115de45665cc57f813c4571,1790758200000,1790758500000,0.546102759386325,1790780100000,open,False,,volume_ignition|runner,development
0fd299bed67f73f0cd6292962f806e4ab17268ac67ab1c654138bb99b3ef005c,2026-09-30 00:00:00+00:00,ethereum,0x4a220e6096b25eadb88358cb44068a3248254675,1790763600000,1790763900000,294.449967742038,1790776800000,breakeven,True,3.0,volume_ignition|runner,development
4d02f9c09192ef72f965391c58cba6c76b8b2b9d46b6b285a07a8a47d056695b,2026-09-30 00:00:00+00:00,ethereum,0x232ce3bd40fcd6f80f3d55a522d03f25df784ee2,1790785500000,1790785800000,4.01612891857346,1790798400000,stop,True,-7.000000000000004,volume_ignition|runner,development
cb73c03ad784ee972be2efcf492dcd8571231e954ecc88c17c24cfce414501dd,2026-09-30 00:00:00+00:00,robinhood,0x56910d4409f3a0c78c64dd8d0545ff0705389870,1790793300000,1790793600000,0.0239379899473795,1790800200000,stop,True,-7.000000000000004,volume_ignition|runner,development
53e38feda062d3e560127755c082604faf4d7135355dd93b2050ea2d23f0dd0a,2026-10-01 00:00:00+00:00,bnb,0x4fa7c69a7b69f8bc48233024d546bc299d6b03bf,1790814300000,1790814600000,0.0016035427768835,1790836200000,time,True,-1.3421086403948106,volume_ignition|runner,development
3f6ff9ecb70a895e3b9a6ae0cb24c9b264937c55fa085cd559d9e7d067216b61,2026-10-01 00:00:00+00:00,ethereum,0x4a220e6096b25eadb88358cb44068a3248254675,1790841000000,1790841300000,297.727899821674,1790850000000,stop,True,-7.000000000000004,volume_ignition|runner,development
b38a3c1bfa49ee511c05b1026fb23da62a7e220e368ce376eca06f86cb3bc9cd,2026-10-01 00:00:00+00:00,ethereum,0x4e67db19044549ff420860834c91b45bad298722,1790879400000,1790879700000,0.0144586405004989,1790884500000,tp2,True,13.0,volume_ignition|runner,development
30374c5e395f85375b5f7cf893b2545b15fb437b8efab5ed31f367874de8ad21,2026-10-01 00:00:00+00:00,ethereum,0xfaba6f8e4a5e8ab82f62fe7c39859fa577269be3,1790880000000,1790880300000,0.496550389532845,1790901900000,open,False,,volume_ignition|runner,development
5a8351cda517193651425cc29d0701b23e98b3b040e12be14c6a2dcc53a24c8b,2026-10-01 00:00:00+00:00,ethereum,0x232ce3bd40fcd6f80f3d55a522d03f25df784ee2,1790881800000,1790882100000,3.93242239117894,1790903700000,open,False,,volume_ignition|runner,development
eba271b831d3aa05dc53be9766944e5f054acfda3aca0cd3c2c29831636a7245,2026-10-01 00:00:00+00:00,ethereum,0x126f5ece91d971f8ad62fa4fc1054456b8bd1111,1790889900000,1790890200000,0.002554976704178,1790892900000,breakeven,True,3.0,volume_ignition|runner,development
2480e867f73c8a65918e990fc88a33205910044eb35e03a7fca115d77aa3309a,2026-10-02 00:00:00+00:00,robinhood,0x39dbed3a2bd333467115de45665cc57f813c4571,1790921100000,1790921400000,0.536987252563964,1790943000000,open,False,,volume_ignition|runner,development
5d5b6e7cf9bb1ea1a4940404649dfc50688ecc808295ec8b542e2fd761183268,2026-09-29 00:00:00+00:00,solana,DEW9dSN6QpWyNthphCpMmAbZP1Q4cEKR9xQXAri98WDP,1790707200000,1790707500000,0.0275696599974592,1790707800000,breakeven,True,3.0,return_ranked_ml|runner,development
a547a0fba89cc5926eab742e316e3ffb0b4a5a512cb34833dc4f6ebb8207ffea,2026-09-28 00:00:00+00:00,bnb,0x4902c5ebc598265ed2212b559b042de8a5eeec3f,1790594700000,1790595000000,5.82476711897998,1790607300000,stop,True,-5.000000000000003,support_reclaim|trail,development
af2dd28c5809c29c824fbe21551df9512cf058d2aadebe29fbc29d86092e21da,2026-09-28 00:00:00+00:00,bnb,0xc07e1300dc138601fa6b0b59f8d0fa477e690589,1790637600000,1790637900000,0.021764355103802,1790659500000,open,False,,support_reclaim|trail,development
27d33f28058aac933c977ba35a6b1c1211b34f7f355981fa20d6cd8c69b6795b,2026-09-29 00:00:00+00:00,ethereum,0xfaba6f8e4a5e8ab82f62fe7c39859fa577269be3,1790662200000,1790662500000,0.511477167422092,1790684100000,open,False,,support_reclaim|trail,development
1a62dd685cb836fc56297f9334cd1f4c54544d86d97b3c35aa3eb7e6dc35837e,2026-09-29 00:00:00+00:00,bnb,0xfe189e97832da1573e4e4ff034f4ffc3a15c7777,1790690100000,1790690400000,0.148946617564431,1790712000000,open,False,,support_reclaim|trail,development
33509e0fa853988e7df12d119d43c5048b4e45998cfbb7e0954d735fad6b7b31,2026-09-29 00:00:00+00:00,robinhood,0x020bfc650a365f8bb26819deaabf3e21291018b4,1790712600000,1790712900000,0.180350824483815,1790724600000,stop,True,-5.000000000000003,support_reclaim|trail,development
4357f9f2a2b659377a845ed3a7d57a7ad1826ef6337ee07efe0df6471332d813,2026-09-30 00:00:00+00:00,bnb,0x4902c5ebc598265ed2212b559b042de8a5eeec3f,1790771700000,1790772000000,5.90163678450061,1790793600000,open,False,,support_reclaim|trail,development
96dfe4aa37d9e42fa1c214e7c70b3fa9915ac9095313732aeb38acc5e274b097,2026-09-30 00:00:00+00:00,ethereum,0x85f17cf997934a597031b2e18a9ab6ebd4b9f6a4,1790784300000,1790784600000,5.34676168732424,1790806200000,open,False,,support_reclaim|trail,development
08413693e283eaab4c7d63a5295db53071e0d243ffed537984708461c52c3ad0,2026-10-01 00:00:00+00:00,ethereum,0x85f17cf997934a597031b2e18a9ab6ebd4b9f6a4,1790826000000,1790826300000,5.36431252485941,1790847900000,open,False,,support_reclaim|trail,development
30374c5e395f85375b5f7cf893b2545b15fb437b8efab5ed31f367874de8ad21,2026-10-01 00:00:00+00:00,ethereum,0xfaba6f8e4a5e8ab82f62fe7c39859fa577269be3,1790880000000,1790880300000,0.496550389532845,1790901900000,open,False,,support_reclaim|trail,development
4a21506de1a66e553909562cb26f2e2060bb3667134c3370428eb69d64a805b2,2026-10-02 00:00:00+00:00,ethereum,0xfaba6f8e4a5e8ab82f62fe7c39859fa577269be3,1790907300000,1790907600000,0.49781397269818,1790929200000,time,True,-0.3231988828949577,support_reclaim|trail,development
4439b27eca4e288fe238e5a36be7c3a1b1341ed3e297a7175725c7f9147b2eb8,2026-09-27 00:00:00+00:00,robinhood,0x63ffd4aa844f4befcee1b4606e467d1d209a926b,1790544900000,1790545200000,0.0002242994515293,1790545500000,stop,True,-5.000000000000003,trend_pullback|trail,development
a92571a1e0cf6f9419dcd9f6f1569e0eb3872a98bd41933b3a7c96234462dddf,2026-09-28 00:00:00+00:00,robinhood,0x63ffd4aa844f4befcee1b4606e467d1d209a926b,1790559000000,1790559300000,0.0002491215242106,1790559600000,stop,True,-5.000000000000003,trend_pullback|trail,development
b94a9462f4f0324b51ded60833e28b5972f94674fbdedae934e0b2e817636ff3,2026-09-28 00:00:00+00:00,solana,6GmAFSYs4gk3FDao5FzzySQpPZaWsa4rUJHacpMpUNgx,1790592600000,1790592900000,0.2459644885404821,1790614500000,open,False,,trend_pullback|trail,development
b76574348d289317f3e78c3acde90c736989b3a7e7a8e10067b1d8e3cdf241df,2026-09-28 00:00:00+00:00,bnb,0x4902c5ebc598265ed2212b559b042de8a5eeec3f,1790592900000,1790593200000,5.81305439615383,1790608800000,stop,True,-5.000000000000003,trend_pullback|trail,development
222cc2e2fac1c6d88558fa33309780f64eaaae88f0f518719e9bc39ea2b5ee79,2026-09-28 00:00:00+00:00,bnb,0x444045b0ee1ee319a660a5e3d604ca0ffa35acaa,1790606100000,1790606400000,1.38546237385276,1790608200000,stop,True,-5.000000000000003,trend_pullback|trail,development
019adc6ca32aa7a98e74508360398e2dc3ccfccce52ac0a2bfd27191b87e7738,2026-09-28 00:00:00+00:00,robinhood,0x020bfc650a365f8bb26819deaabf3e21291018b4,1790622300000,1790622600000,0.189665752882629,1790625900000,stop,True,-5.000000000000003,trend_pullback|trail,development
30af61607e091ca7ff78b1dc394c9704b3d649a0ee067ddf20add7fbe9e85e80,2026-09-28 00:00:00+00:00,bnb,0xfe189e97832da1573e4e4ff034f4ffc3a15c7777,1790629800000,1790630100000,0.158734515116141,1790631600000,stop,True,-5.000000000000014,trend_pullback|trail,development
840f7c02e95dd4b0371cec1533e229bbfe40de25c3fb3f99475ee96af321699e,2026-09-29 00:00:00+00:00,ethereum,0x4a220e6096b25eadb88358cb44068a3248254675,1790657100000,1790657400000,247.973601852229,1790660400000,stop,True,-5.000000000000003,trend_pullback|trail,development
42ad3c65e025c494b9e7e2fb64d17c0ea9a52142bca35a77a5a57422998cdf35,2026-09-29 00:00:00+00:00,bnb,0x4902c5ebc598265ed2212b559b042de8a5eeec3f,1790670000000,1790670300000,5.73760327963811,1790690700000,trail,True,8.369232727854357,trend_pullback|trail,development
1a62dd685cb836fc56297f9334cd1f4c54544d86d97b3c35aa3eb7e6dc35837e,2026-09-29 00:00:00+00:00,bnb,0xfe189e97832da1573e4e4ff034f4ffc3a15c7777,1790690100000,1790690400000,0.148946617564431,1790712000000,open,False,,trend_pullback|trail,development
9e9d94ed5321f1b499e98f3bab9dd0d1780d53e261667d20f11a6346b677a0cc,2026-09-29 00:00:00+00:00,bnb,0xeec6574eabba52bac3f0277f2cd5ac7e67197886,1790707200000,1790707500000,0.09003970574439,1790709900000,trail,True,6.782342962917186,trend_pullback|trail,development
33509e0fa853988e7df12d119d43c5048b4e45998cfbb7e0954d735fad6b7b31,2026-09-29 00:00:00+00:00,robinhood,0x020bfc650a365f8bb26819deaabf3e21291018b4,1790712600000,1790712900000,0.180350824483815,1790724600000,stop,True,-5.000000000000003,trend_pullback|trail,development
af305b28b6e880908177bfb4f96d3de209fb1bacf9bddbb42fcabcd5c53fe0e2,2026-09-29 00:00:00+00:00,robinhood,0xd17c81cb01d44cc6e822936e8f098960001b47d2,1790716800000,1790717100000,0.0001602285798164,1790738700000,open,False,,trend_pullback|trail,development
18f71724d5fad47226141a2979d62dbb9ce30351a7d317ce986a0f3836b211d7,2026-09-30 00:00:00+00:00,bnb,0xeec6574eabba52bac3f0277f2cd5ac7e67197886,1790728200000,1790728500000,0.0932235841510565,1790750100000,time,True,-2.6942596687637304,trend_pullback|trail,development
c9b079f7cd22f95df5462ebbd69e04d011f279aa9dcd8ac4687f055698e074b2,2026-09-30 00:00:00+00:00,robinhood,0xd17c81cb01d44cc6e822936e8f098960001b47d2,1790729400000,1790729700000,0.0001581664574779,1790751300000,open,False,,trend_pullback|trail,development
ebabffb00803ac31e91c471ba9edfeb4fa73c8ac69874bb8817ac77115505287,2026-09-30 00:00:00+00:00,robinhood,0xa241395adcdf456f6dc04d1bc02b18e6f4c4052c,1790736600000,1790736900000,0.0009723172919257,1790737200000,stop,True,-5.000000000000003,trend_pullback|trail,development
1ba08ae28c0ea1176c4f078b8f015eb02e8fef9857543921eb0ede09cc3b988a,2026-09-30 00:00:00+00:00,bnb,0x4902c5ebc598265ed2212b559b042de8a5eeec3f,1790746500000,1790746800000,5.82328305710373,1790768400000,time,True,-0.6558619203250498,trend_pullback|trail,development
838b7836fb4162b851edd5f13d1dca710cafb3aa91ce502f7f55ab7c90026cf0,2026-09-30 00:00:00+00:00,ethereum,0x4a220e6096b25eadb88358cb44068a3248254675,1790749200000,1790749500000,294.049363399179,1790751600000,stop,True,-5.000000000000014,trend_pullback|trail,development
6aeb17f3bc783ba02f0a37e353cf540ecdaddf08a830a5e23d88810c68b6ddd7,2026-09-30 00:00:00+00:00,ethereum,0x232ce3bd40fcd6f80f3d55a522d03f25df784ee2,1790751600000,1790751900000,3.82937905395417,1790756100000,stop,True,-5.000000000000003,trend_pullback|trail,development
438b387ba621a1abc1c68c6436bb1e536baf0f84f3b6cb66a1a3d793b85e7e2c,2026-09-30 00:00:00+00:00,bnb,0xb9e1fd5a02d3a33b25a14d661414e6ed6954a721,1790805900000,1790806200000,0.496464713236639,1790822400000,stop,True,-5.000000000000003,trend_pullback|trail,development
b45bfd51ab3266e26f5904bdaa637bdb3a349b65347c8d73fa6bb98d33b20986,2026-10-01 00:00:00+00:00,robinhood,0x18e674231a58c239dc7daedcffe15ec3a24cff5c,1790821800000,1790822100000,0.0167669333829878,1790823300000,stop,True,-5.000000000000003,trend_pullback|trail,development
7588809f8d5e6bd172930e2ea00b3b58bf50225cc7d6a8a1d2d5e57ccf13e9a2,2026-10-01 00:00:00+00:00,bnb,0xfe189e97832da1573e4e4ff034f4ffc3a15c7777,1790822400000,1790822700000,0.138780849367638,1790844300000,open,False,,trend_pullback|trail,development
0c390ce2968535e6a74572c75d82c192b4966ff2a652819e568472db88595b1e,2026-10-01 00:00:00+00:00,bnb,0xb9e1fd5a02d3a33b25a14d661414e6ed6954a721,1790837700000,1790838000000,0.483078010566952,1790838600000,stop,True,-5.000000000000003,trend_pullback|trail,development
3f6ff9ecb70a895e3b9a6ae0cb24c9b264937c55fa085cd559d9e7d067216b61,2026-10-01 00:00:00+00:00,ethereum,0x4a220e6096b25eadb88358cb44068a3248254675,1790841000000,1790841300000,297.727899821674,1790848800000,stop,True,-5.000000000000003,trend_pullback|trail,development
f0de1766016e663d91d4ae0405aea3f710760ced210a8e92737cda09e4719174,2026-10-01 00:00:00+00:00,bnb,0x0a092e544da31150b439a1aaa1a3a2214a867f46,1790856900000,1790857200000,0.486875153081222,1790865600000,stop,True,-5.000000000000003,trend_pullback|trail,development
c1d546845fbe1738893bf54970ad314f5b1e4c531e5b98b387cbe675d175bd07,2026-10-01 00:00:00+00:00,ethereum,0x85f17cf997934a597031b2e18a9ab6ebd4b9f6a4,1790878200000,1790878500000,4.94259642132011,1790900100000,open,False,,trend_pullback|trail,development
e01ca587d75121b9d1115e65306bddaa4cb618aa15955b48114e41b6e4ee510d,2026-10-02 00:00:00+00:00,bnb,0x0a092e544da31150b439a1aaa1a3a2214a867f46,1790899500000,1790899800000,0.504270336832199,1790902800000,stop,True,-5.000000000000003,trend_pullback|trail,development
c59903e63d8de367327cb492892204a6b51dc271d5dad65aad63e5c11803dd75,2026-10-02 00:00:00+00:00,ethereum,0x4a220e6096b25eadb88358cb44068a3248254675,1790907600000,1790907900000,256.756157839936,1790912100000,stop,True,-5.000000000000003,trend_pullback|trail,development
16272961f2cfc4f087adca868cf9630a556f6caf9a21c9ed22121ee40c95fbbf,2026-10-02 00:00:00+00:00,ethereum,0x85f17cf997934a597031b2e18a9ab6ebd4b9f6a4,1790913900000,1790914200000,,1790935800000,missing_entry,False,,trend_pullback|trail,development
0621ac3ef178b03486025f6a007852659054a0c0bf0174c6f7d174012948aa33,2026-10-02 00:00:00+00:00,ethereum,0xa0df17b5ac76ababa36e1450e2cbcd18a620c845,1790926500000,1790926800000,0.0149623811298925,1790934000000,stop,True,-5.000000000000003,trend_pullback|trail,development
02557601df2f5b1ccbd0807883a7591931d8c2ccc80fa394a03dce59688f71c2,2026-09-26 00:00:00+00:00,bnb,0x4fa7c69a7b69f8bc48233024d546bc299d6b03bf,1790463000000,1790463300000,0.0016080056420318,1790484900000,time,True,-1.8961252750276696,volume_ignition|trail,development
09c55aaefedb4adee788cdba0737dd5d235df6526498a7c50811328d6972d6e5,2026-09-28 00:00:00+00:00,bnb,0x4902c5ebc598265ed2212b559b042de8a5eeec3f,1790579100000,1790579400000,5.86539204177771,1790601000000,time,True,-1.7538251064952863,volume_ignition|trail,development
377b35ced5b02f5fa26b3a6e1b13f63d1e0fead196d13e3bedbb691fb673575f,2026-09-28 00:00:00+00:00,solana,6GmAFSYs4gk3FDao5FzzySQpPZaWsa4rUJHacpMpUNgx,1790593200000,1790593500000,0.2518349872035835,1790595900000,stop,True,-5.000000000000003,volume_ignition|trail,development
95efef55309e060c91fecfe7134468117438ea15c316330dffb5f5270384a038,2026-09-29 00:00:00+00:00,ethereum,0x95ad61b0a150d79219dcf64e1e6cc01f0b64c4ce,1790662500000,1790662800000,5.6028751462e-06,1790684400000,time,True,2.958328733346584,volume_ignition|trail,development
b6ef74c04ef98a23aa51de18889a1971202dc80fdc50748d16ded67fe648f09a,2026-09-29 00:00:00+00:00,bnb,0xfe189e97832da1573e4e4ff034f4ffc3a15c7777,1790665500000,1790665800000,0.165622742134683,1790667300000,stop,True,-5.000000000000003,volume_ignition|trail,development
42ad3c65e025c494b9e7e2fb64d17c0ea9a52142bca35a77a5a57422998cdf35,2026-09-29 00:00:00+00:00,bnb,0x4902c5ebc598265ed2212b559b042de8a5eeec3f,1790670000000,1790670300000,5.73760327963811,1790690700000,trail,True,8.369232727854357,volume_ignition|trail,development
f4f271517289c87e88ffe022701aeb17c39f4741df86c62695eecfeb5c1ed419,2026-09-29 00:00:00+00:00,ethereum,0x4a220e6096b25eadb88358cb44068a3248254675,1790696100000,1790696400000,250.711037407269,1790718000000,open,False,,volume_ignition|trail,development
c466ce0d96181d1bdf4184af74e0532ce6ea2fd73c498f826f200f8767bcc82a,2026-09-30 00:00:00+00:00,bnb,0xb9e1fd5a02d3a33b25a14d661414e6ed6954a721,1790730000000,1790730300000,0.421519338614464,1790732400000,stop,True,-5.000000000000003,volume_ignition|trail,development
0f08066b27d0a8c26bf13560c5c0892bfe1f16ff5a426b24e8494cfafd65e7a0,2026-09-30 00:00:00+00:00,ethereum,0x85f17cf997934a597031b2e18a9ab6ebd4b9f6a4,1790753700000,1790754000000,5.00648689855549,1790772000000,trail,True,6.581435009803025,volume_ignition|trail,development
657759c9a321ed249d26e5903d7ad1f3338fcb1a5b8db564a57e8aee8b9fa129,2026-09-30 00:00:00+00:00,ethereum,0x57e114b691db790c35207b2e685d4a43181e6061,1790756400000,1790756700000,0.252454106847987,1790776500000,trail,True,6.1067236328155445,volume_ignition|trail,development
6d5b7282dbeeb0348e6524a3b30d2a29b5dc272a8221f806d45fe6a244ba98d7,2026-09-30 00:00:00+00:00,robinhood,0x39dbed3a2bd333467115de45665cc57f813c4571,1790758200000,1790758500000,0.546102759386325,1790780100000,open,False,,volume_ignition|trail,development
0fd299bed67f73f0cd6292962f806e4ab17268ac67ab1c654138bb99b3ef005c,2026-09-30 00:00:00+00:00,ethereum,0x4a220e6096b25eadb88358cb44068a3248254675,1790763600000,1790763900000,294.449967742038,1790767500000,trail,True,5.449581191267281,volume_ignition|trail,development
4d02f9c09192ef72f965391c58cba6c76b8b2b9d46b6b285a07a8a47d056695b,2026-09-30 00:00:00+00:00,ethereum,0x232ce3bd40fcd6f80f3d55a522d03f25df784ee2,1790785500000,1790785800000,4.01612891857346,1790794200000,stop,True,-5.000000000000003,volume_ignition|trail,development
cb73c03ad784ee972be2efcf492dcd8571231e954ecc88c17c24cfce414501dd,2026-09-30 00:00:00+00:00,robinhood,0x56910d4409f3a0c78c64dd8d0545ff0705389870,1790793300000,1790793600000,0.0239379899473795,1790797800000,stop,True,-5.000000000000003,volume_ignition|trail,development
53e38feda062d3e560127755c082604faf4d7135355dd93b2050ea2d23f0dd0a,2026-10-01 00:00:00+00:00,bnb,0x4fa7c69a7b69f8bc48233024d546bc299d6b03bf,1790814300000,1790814600000,0.0016035427768835,1790836200000,time,True,-1.3421086403948106,volume_ignition|trail,development
3f6ff9ecb70a895e3b9a6ae0cb24c9b264937c55fa085cd559d9e7d067216b61,2026-10-01 00:00:00+00:00,ethereum,0x4a220e6096b25eadb88358cb44068a3248254675,1790841000000,1790841300000,297.727899821674,1790848800000,stop,True,-5.000000000000003,volume_ignition|trail,development
b38a3c1bfa49ee511c05b1026fb23da62a7e220e368ce376eca06f86cb3bc9cd,2026-10-01 00:00:00+00:00,ethereum,0x4e67db19044549ff420860834c91b45bad298722,1790879400000,1790879700000,0.0144586405004989,1790882700000,trail,True,5.583133987212516,volume_ignition|trail,development
30374c5e395f85375b5f7cf893b2545b15fb437b8efab5ed31f367874de8ad21,2026-10-01 00:00:00+00:00,ethereum,0xfaba6f8e4a5e8ab82f62fe7c39859fa577269be3,1790880000000,1790880300000,0.496550389532845,1790901900000,open,False,,volume_ignition|trail,development
5a8351cda517193651425cc29d0701b23e98b3b040e12be14c6a2dcc53a24c8b,2026-10-01 00:00:00+00:00,ethereum,0x232ce3bd40fcd6f80f3d55a522d03f25df784ee2,1790881800000,1790882100000,3.93242239117894,1790903700000,open,False,,volume_ignition|trail,development
eba271b831d3aa05dc53be9766944e5f054acfda3aca0cd3c2c29831636a7245,2026-10-01 00:00:00+00:00,ethereum,0x126f5ece91d971f8ad62fa4fc1054456b8bd1111,1790889900000,1790890200000,0.002554976704178,1790891700000,trail,True,5.335092935552253,volume_ignition|trail,development
2480e867f73c8a65918e990fc88a33205910044eb35e03a7fca115d77aa3309a,2026-10-02 00:00:00+00:00,robinhood,0x39dbed3a2bd333467115de45665cc57f813c4571,1790921100000,1790921400000,0.536987252563964,1790943000000,open,False,,volume_ignition|trail,development
