fraction_pct,trades,median_final_bankroll,p5_final_bankroll,median_max_drawdown_pct,p95_max_drawdown_pct,probability_losing_50pct,probability_losing_50pct_ci_high,survivable
0.5,100,938.4475218159066,898.7478983759445,8.273795769196578,10.127502880623352,0.0,0.0,True
0.5,300,819.0061770686845,706.7403328298884,18.099382293131548,29.327769621295285,0.0,0.0,True
0.5,1000,524.6436286381654,374.0895586334716,47.53563713618346,62.591998444248674,0.3876,0.39714916827574004,False
1.0,100,880.5445825723572,807.6489661440097,15.87136569707347,19.239214300722686,0.0,0.0,True
1.0,300,670.4024743817271,499.240318063027,32.959752561827294,50.07850931571923,0.1641,0.17135917931658945,False
1.0,1000,274.93415958784743,139.7508416331847,72.50658404121526,86.0256271653311,1.0,1.0,False
2.0,100,774.8650759904243,651.9768552186604,29.25175886998136,34.80895123546544,0.0,0.0,True
2.0,300,448.4558636673742,248.75543473077192,55.15441363326258,75.12698871720224,0.6667,0.6759392975933022,False
2.0,1000,75.2421645422743,19.422914645684592,92.47578354577257,98.05790624976778,1.0,1.0,False
5.0,100,526.0079306827093,341.9593405157913,58.0248426076976,65.81277107816075,0.4999,0.509699999804,False
5.0,300,132.49253719536554,30.412027371033165,86.75074628046345,96.95957145038786,1.0,1.0,False
5.0,1000,1.5002871107928546,0.05044109414387085,99.84997128892071,99.99495717464549,1.0,1.0,False
