rule_id,structure,stop,trail_pct,time_hours,cost_bps,population,trades,mean,median,p5,p10,p25,p50,p75,p90,p95,p99,share_ge_2x,share_ge_5x,share_ge_10x,mean_without_top_1pct,top_1pct_contribution,ci_low,ci_high,day_blocks
fat_tail|atr2|trail20|168h|100bps,fat_tail,atr2,20,168,100,signals_and_alerts,59,-2.8238276788743875,-3.6396420001983643,-12.212867832183838,-7.341897010803223,-5.096066236495972,-3.6396420001983643,-2.6869125366210938,-2.2129494667053216,14.20738401412961,31.36495555877687,0.0,0.0,0.0,-3.5072954440939017,0.6834677652195142,-5.008961012197095,-1.2017450884404337,6
fat_tail|atr2|trail20|168h|100bps,fat_tail,atr2,20,168,100,controls,9969,-3.9263027887049744,-6.044445991516113,-19.61814651489258,-16.955781173706054,-12.219950675964355,-6.044445991516113,-2.6349990367889404,10.760590362548832,23.835415267944345,72.76289550781249,0.002708396027685826,0.0,0.0,-4.9940023984288695,1.067699609723895,-5.626654995412354,-1.8115848656667615,7
fat_tail|atr2|trail20|168h|200bps,fat_tail,atr2,20,168,200,signals_and_alerts,59,-3.8238276707924017,-4.639642238616943,-13.212867832183838,-8.341896629333496,-6.096066236495972,-4.639642238616943,-3.6869125366210938,-3.2129494667053216,13.20738401412961,30.36495555877687,0.0,0.0,0.0,-4.507295435872571,0.6834677650801693,-6.0089610343755675,-2.2017450610621734,6
fat_tail|atr2|trail20|168h|200bps,fat_tail,atr2,20,168,200,controls,9969,-4.926302785518063,-7.044445991516113,-20.61814651489258,-17.955781173706054,-13.219950675964355,-7.044445991516113,-3.6349990367889404,9.760590362548832,22.835415267944345,71.76289550781249,0.0026080850636974622,0.0,0.0,-5.994002395209666,1.0676996096916032,-6.626655241483737,-2.8115848303166096,7
fat_tail|atr2|trail20|168h|300bps,fat_tail,atr2,20,168,300,signals_and_alerts,59,-4.823827662710416,-5.639642238616943,-14.212867832183838,-9.341896629333496,-7.096066236495972,-5.639642238616943,-4.686912536621094,-4.212949657440185,12.20738401412961,29.36495555877687,0.0,0.0,0.0,-5.507295427651241,0.6834677649408247,-7.008960945661678,-3.2017450299901045,6
fat_tail|atr2|trail20|168h|300bps,fat_tail,atr2,20,168,300,controls,9969,-5.9263027815342735,-8.044445991516113,-21.61814651489258,-18.955781173706054,-14.219950675964355,-8.044445991516113,-4.6349992752075195,8.760590362548832,21.835415267944345,70.76289550781249,0.002507774099709098,0.0,0.0,-6.994002391185511,1.0676996096512372,-7.626655245418219,-3.8115849010169134,7
fat_tail|atr2|trail20|24h|100bps,fat_tail,atr2,20,24,100,signals_and_alerts,65,-2.43587824957302,-3.237457513809204,-11.952920532226562,-7.1354172706604,-4.958332538604736,-3.237457513809204,-2.4420769214630127,1.6460197925567635,13.360646247863764,29.746702575683592,0.0,0.0,0.0,-2.944987559953006,0.5091093103799862,-4.900707229491203,-0.6485573271630516,6
fat_tail|atr2|trail20|24h|100bps,fat_tail,atr2,20,24,100,controls,10075,-3.464076939696774,-5.755086898803711,-19.53606605529785,-16.867670822143555,-12.087589263916016,-5.755086898803711,-2.1697850227355957,12.099832344055178,23.534689331054675,72.49560607910163,0.0026799007444168734,0.0,0.0,-4.5235435874020675,1.0594666477052934,-5.119682837657235,-1.5246493888241195,7
fat_tail|atr2|trail20|24h|200bps,fat_tail,atr2,20,24,200,signals_and_alerts,65,-3.4358782403744184,-4.237457275390625,-12.952920532226562,-8.135416984558105,-5.958332538604736,-4.237457275390625,-3.4420769214630127,0.6460197806358344,12.360646247863764,28.746702575683592,0.0,0.0,0.0,-3.9449875506106764,0.509109310236258,-5.900707214109359,-1.648557206274758,6
fat_tail|atr2|trail20|24h|200bps,fat_tail,atr2,20,24,200,controls,10075,-4.464076936680722,-6.755086898803711,-20.53606605529785,-17.867670822143555,-13.087589263916016,-6.755086898803711,-3.1697850227355957,11.099832344055178,22.534689331054675,71.49560607910163,0.0025806451612903226,0.0,0.0,-5.523543584355473,1.0594666476747516,-6.1196828358844,-2.524649384208612,7
fat_tail|atr2|trail20|24h|300bps,fat_tail,atr2,20,24,300,signals_and_alerts,65,-4.435878236477191,-5.237457275390625,-13.952920532226562,-9.135416984558105,-6.958332538604736,-5.237457275390625,-4.442077159881592,-0.3539802312850945,11.360646247863764,27.746702575683592,0.0,0.0,0.0,-4.9449875466525555,0.5091093101753641,-6.900707214109359,-2.648557233138823,6
fat_tail|atr2|trail20|24h|300bps,fat_tail,atr2,20,24,300,controls,10075,-5.464076933414495,-7.755086898803711,-21.53606605529785,-18.867670822143555,-14.087589263916016,-7.755086898803711,-4.169785022735596,10.099832344055178,21.534689331054675,70.49560607910163,0.0024813895781637717,0.0,0.0,-6.523543581056172,1.0594666476416768,-7.1196828394300695,-3.524649342795785,7
fat_tail|atr2|trail20|72h|100bps,fat_tail,atr2,20,72,100,signals_and_alerts,59,-2.8238276788743875,-3.6396420001983643,-12.212867832183838,-7.341897010803223,-5.096066236495972,-3.6396420001983643,-2.6869125366210938,-2.2129494667053216,14.20738401412961,31.36495555877687,0.0,0.0,0.0,-3.5072954440939017,0.6834677652195142,-5.008961012197095,-1.2017450884404337,6
fat_tail|atr2|trail20|72h|100bps,fat_tail,atr2,20,72,100,controls,9984,-3.906881918116165,-6.03156852722168,-19.614326763153077,-16.951708221435545,-12.206459283828735,-6.03156852722168,-2.6349990367889404,10.769358444213871,24.05868139266976,72.7575087738037,0.002704326923076923,0.0,0.0,-4.972764694452288,1.0658827763361232,-5.565066482887228,-1.8115848656667615,7
fat_tail|atr2|trail20|72h|200bps,fat_tail,atr2,20,72,200,signals_and_alerts,59,-3.8238276707924017,-4.639642238616943,-13.212867832183838,-8.341896629333496,-6.096066236495972,-4.639642238616943,-3.6869125366210938,-3.2129494667053216,13.20738401412961,30.36495555877687,0.0,0.0,0.0,-4.507295435872571,0.6834677650801693,-6.0089610343755675,-2.2017450610621734,6
fat_tail|atr2|trail20|72h|200bps,fat_tail,atr2,20,72,200,controls,9984,-4.906881914963892,-7.03156852722168,-20.614326763153077,-17.951708221435545,-13.206459283828735,-7.03156852722168,-3.6349990367889404,9.769358444213871,23.05868139266976,71.7575087738037,0.0026041666666666665,0.0,0.0,-5.9727646912681225,1.065882776304231,-6.565066479771322,-2.8115848303166096,7
fat_tail|atr2|trail20|72h|300bps,fat_tail,atr2,20,72,300,signals_and_alerts,59,-4.823827662710416,-5.639642238616943,-14.212867832183838,-9.341896629333496,-7.096066236495972,-5.639642238616943,-4.686912536621094,-4.212949657440185,12.20738401412961,29.36495555877687,0.0,0.0,0.0,-5.507295427651241,0.6834677649408247,-7.008960945661678,-3.2017450299901045,6
fat_tail|atr2|trail20|72h|300bps,fat_tail,atr2,20,72,300,controls,9984,-5.906881911021908,-8.03156852722168,-21.614326763153077,-18.951708221435545,-14.206459283828735,-8.03156852722168,-4.6349992752075195,8.769358444213871,22.05868139266976,70.7575087738037,0.0025040064102564105,0.0,0.0,-6.972764687286256,1.0658827762643481,-7.565066486003134,-3.8115849010169134,7
fat_tail|atr2|trail30|168h|100bps,fat_tail,atr2,30,168,100,signals_and_alerts,57,-3.213111630657263,-3.9738452434539795,-15.379643630981445,-8.892619800567624,-5.135336875915527,-3.9738452434539795,-2.8580222129821777,-2.4359872341156006,2.3281383514403364,44.25362396240233,0.0,0.0,0.0,-4.123418829270771,0.9103071986135083,-5.668887402352663,0.3863381828580584,6
fat_tail|atr2|trail30|168h|100bps,fat_tail,atr2,30,168,100,controls,9583,-5.871874334380617,-7.640351295471191,-24.4102783203125,-20.858208847045898,-14.686665534973145,-7.640351295471191,-3.4172149896621704,4.354857826232929,31.123618316650376,68.87581634521484,0.002191380569758948,0.0004174058228112282,0.0,-7.140639326447071,1.2687649920664548,-7.674624114057383,-4.440812962437256,7
fat_tail|atr2|trail30|168h|200bps,fat_tail,atr2,30,168,200,signals_and_alerts,57,-4.213111622291699,-4.9738450050354,-16.379643630981445,-9.89261951446533,-6.135336875915527,-4.9738450050354,-3.8580222129821777,-3.4359872341156006,1.3281383514403364,43.25362396240233,0.0,0.0,0.0,-5.1234188207558224,0.9103071984641238,-6.668887385521377,-0.6136618001120431,6
fat_tail|atr2|trail30|168h|200bps,fat_tail,atr2,30,168,200,controls,9583,-6.871874330461345,-8.640351295471191,-25.4102783203125,-21.858208847045898,-15.686665534973145,-8.640351295471191,-4.41721510887146,3.3548578739166453,30.123618316650376,67.87581634521484,0.002191380569758948,0.0004174058228112282,0.0,-8.140639324095538,1.2687649936341927,-8.67462403790622,-5.440812862620634,7
fat_tail|atr2|trail30|168h|300bps,fat_tail,atr2,30,168,300,signals_and_alerts,57,-5.213111634840045,-5.9738450050354,-17.3796443939209,-10.89261951446533,-7.135336875915527,-5.9738450050354,-4.858022212982178,-4.435987377166748,0.32813835144033643,42.25362396240233,0.0,0.0,0.0,-6.1234188335282465,0.9103071986882014,-7.668887385521377,-1.613661800112043,6
fat_tail|atr2|trail30|168h|300bps,fat_tail,atr2,30,168,300,controls,9583,-7.871874326448656,-9.640351295471191,-26.4102783203125,-22.858208847045898,-16.686664581298828,-9.640351295471191,-5.41721510887146,2.3548578739166453,29.123618316650376,66.87581634521484,0.002191380569758948,0.0004174058228112282,0.0,-9.140639320040533,1.2687649935918772,-9.67462403790622,-6.440812765125329,7
fat_tail|atr2|trail30|24h|100bps,fat_tail,atr2,30,24,100,signals_and_alerts,65,-1.7021478343755008,-3.3400044441223145,-14.066884613037109,-7.1354172706604,-4.958332538604736,-3.3400044441223145,-2.4934563636779785,1.6460197925567635,27.584905242919895,43.75212860107422,0.0,0.0,0.0,-2.475057823845418,0.7729099894699174,-4.999836444854736,1.246505105999154,6
fat_tail|atr2|trail30|24h|100bps,fat_tail,atr2,30,24,100,controls,9888,-4.90026119942349,-6.950913190841675,-24.232238674163817,-20.630623245239256,-14.437877655029297,-6.950913190841675,-2.7924633622169495,10.424101924896245,31.739765644073476,68.87581634521484,0.00212378640776699,0.0004045307443365696,0.0,-6.11956413222595,1.21930293280246,-7.080148550478366,-3.1930266390305064,7
fat_tail|atr2|trail30|24h|200bps,fat_tail,atr2,30,24,200,signals_and_alerts,65,-2.7021478251768993,-4.3400044441223145,-15.066884613037109,-8.135416984558105,-5.958332538604736,-4.3400044441223145,-3.4934563636779785,0.6460197806358344,26.584905242919895,42.75212860107422,0.0,0.0,0.0,-3.4750578145030886,0.7729099893261893,-5.999836429472892,0.24650511943118672,6
fat_tail|atr2|trail30|24h|200bps,fat_tail,atr2,30,24,200,controls,9888,-5.900261195851878,-7.950913190841675,-25.232238674163817,-21.630623245239256,-15.437877655029297,-7.950913190841675,-3.7924633622169495,9.424101924896245,30.739765644073476,67.87581634521484,0.00212378640776699,0.0004045307443365696,0.0,-7.119564130176776,1.2193029343248973,-8.080148519113287,-4.193026638311935,7
fat_tail|atr2|trail30|24h|300bps,fat_tail,atr2,30,24,300,signals_and_alerts,65,-3.7021478396195633,-5.3400044441223145,-16.06688537597656,-9.135416984558105,-6.958332538604736,-5.3400044441223145,-4.4934563636779785,-0.3539802312850945,25.584905242919895,41.75212860107422,0.0,0.0,0.0,-4.475057829171419,0.7729099895518559,-6.999836429472892,-0.7534948805688133,6
fat_tail|atr2|trail30|24h|300bps,fat_tail,atr2,30,24,300,controls,9888,-6.900261192789465,-8.950913429260254,-26.232238674163817,-22.630623245239256,-16.43787717819214,-8.950913429260254,-4.792463183403015,8.424101924896245,29.739765644073476,66.87581634521484,0.00212378640776699,0.0004045307443365696,0.0,-8.119564127083075,1.2193029342936104,-9.080148551353668,-5.193026827602644,7
fat_tail|atr2|trail30|72h|100bps,fat_tail,atr2,30,72,100,signals_and_alerts,57,-3.213111630657263,-3.9738452434539795,-15.379643630981445,-8.892619800567624,-5.135336875915527,-3.9738452434539795,-2.8580222129821777,-2.4359872341156006,2.3281383514403364,44.25362396240233,0.0,0.0,0.0,-4.123418829270771,0.9103071986135083,-5.668887402352663,0.3863381828580584,6
fat_tail|atr2|trail30|72h|100bps,fat_tail,atr2,30,72,100,controls,9630,-5.774449795032324,-7.533954620361328,-24.4102783203125,-20.835364723205565,-14.686665534973145,-7.533954620361328,-3.333308160305023,5.000948905944824,31.201656818389797,68.87581634521484,0.0021806853582554517,0.0004153686396677051,0.0,-7.035935205927535,1.2614854108952107,-7.433605146819768,-4.416956024216306,7
fat_tail|atr2|trail30|72h|200bps,fat_tail,atr2,30,72,200,signals_and_alerts,57,-4.213111622291699,-4.9738450050354,-16.379643630981445,-9.89261951446533,-6.135336875915527,-4.9738450050354,-3.8580222129821777,-3.4359872341156006,1.3281383514403364,43.25362396240233,0.0,0.0,0.0,-5.1234188207558224,0.9103071984641238,-6.668887385521377,-0.6136618001120431,6
fat_tail|atr2|trail30|72h|200bps,fat_tail,atr2,30,72,200,controls,9630,-6.774449791183245,-8.53395414352417,-25.4102783203125,-21.835364723205565,-15.686665534973145,-8.53395414352417,-4.333308219909668,4.000948905944824,30.201656818389797,67.87581634521484,0.0021806853582554517,0.0004153686396677051,0.0,-8.035935203639198,1.2614854124559534,-8.433605038865032,-5.416955825538183,7
fat_tail|atr2|trail30|72h|300bps,fat_tail,atr2,30,72,300,signals_and_alerts,57,-5.213111634840045,-5.9738450050354,-17.3796443939209,-10.89261951446533,-7.135336875915527,-5.9738450050354,-4.858022212982178,-4.435987377166748,0.32813835144033643,42.25362396240233,0.0,0.0,0.0,-6.1234188335282465,0.9103071986882014,-7.668887385521377,-1.613661800112043,6
fat_tail|atr2|trail30|72h|300bps,fat_tail,atr2,30,72,300,controls,9630,-7.774449787048168,-9.53395414352417,-26.4102783203125,-22.835364723205565,-16.686664581298828,-9.53395414352417,-5.333308219909668,3.000948905944824,29.201656818389797,66.87581634521484,0.0021806853582554517,0.0004153686396677051,0.0,-9.03593519946073,1.2614854124125632,-9.433605039177456,-6.416955827084316,7
fat_tail|atr2|trail40|168h|100bps,fat_tail,atr2,40,168,100,signals_and_alerts,57,-2.5455042604814495,-3.9738452434539795,-15.379643630981445,-8.892619800567624,-5.135336875915527,-3.9738452434539795,-2.8580222129821777,-2.4359872341156006,-1.1243944644928177,71.84033294677732,0.0,0.0,0.0,-3.948415219783783,1.4029109593023334,-5.797943975867295,3.1464007360893382,6
fat_tail|atr2|trail40|168h|100bps,fat_tail,atr2,40,168,100,controls,9386,-6.306318012667686,-9.136829853057861,-26.83615732192993,-22.297276496887207,-16.070085048675537,-9.136829853057861,-4.121191382408142,-2.164099931716919,27.814870834350586,97.29458007812396,0.009908374174302152,0.0004261666311527807,0.0,-8.439498859349825,2.13318084668214,-8.946978329983967,-3.5860934011637324,7
fat_tail|atr2|trail40|168h|200bps,fat_tail,atr2,40,168,200,signals_and_alerts,57,-3.5455042521158853,-4.9738450050354,-16.379643630981445,-9.89261951446533,-6.135336875915527,-4.9738450050354,-3.8580222129821777,-3.4359872341156006,-2.1243944644928177,70.84033294677732,0.0,0.0,0.0,-4.948415211268833,1.402910959152948,-6.797943906086247,2.1464007528204667,6
fat_tail|atr2|trail40|168h|200bps,fat_tail,atr2,40,168,200,controls,9386,-7.3063180081501855,-10.136829853057861,-27.83615732192993,-23.297276496887207,-17.070085048675537,-10.136829853057861,-5.121191382408142,-3.164099931716919,26.814870834350586,96.29458007812396,0.009801832516513957,0.0004261666311527807,0.0,-9.439498854786626,2.1331808466364404,-9.946978329983967,-4.5860934416219905,7
fat_tail|atr2|trail40|168h|300bps,fat_tail,atr2,40,168,300,signals_and_alerts,57,-4.545504264664232,-5.9738450050354,-17.3796443939209,-10.89261951446533,-7.135336875915527,-5.9738450050354,-4.858022212982178,-4.435987377166748,-3.1243944644928177,69.84033294677732,0.0,0.0,0.0,-5.948415224041257,1.4029109593770253,-7.797943906086247,1.1464007528204667,6
fat_tail|atr2|trail40|168h|300bps,fat_tail,atr2,40,168,300,controls,9386,-8.306318008475344,-11.136829853057861,-28.83615732192993,-24.297276496887207,-18.070085048675537,-11.136829853057861,-6.121191382408142,-4.164099931716919,25.814870834350586,95.29458007812396,0.009588749200937566,0.0004261666311527807,0.0,-10.439498855115074,2.13318084663973,-10.946978147832267,-5.586093415797571,7
fat_tail|atr2|trail40|24h|100bps,fat_tail,atr2,40,24,100,signals_and_alerts,65,-1.1167075251444027,-3.3400044441223145,-14.066884613037109,-7.1354172706604,-4.958332538604736,-3.3400044441223145,-2.4934563636779785,1.6460197925567635,24.327900028228687,71.24359344482421,0.0,0.0,0.0,-2.321929665544303,1.2052221403999004,-5.038180054558648,3.583812888239471,6
fat_tail|atr2|trail40|24h|100bps,fat_tail,atr2,40,24,100,controls,9702,-5.090362053530715,-8.511993408203125,-26.799116134643555,-22.078983306884766,-15.895246028900146,-8.511993408203125,-3.3356223702430725,6.2969849586486815,30.627638435363725,115.79490730285626,0.012162440733869306,0.00041228612657184083,0.0,-7.237179990233665,2.1468179367029503,-8.375955884076605,-1.8463000305613662,7
fat_tail|atr2|trail40|24h|200bps,fat_tail,atr2,40,24,200,signals_and_alerts,65,-2.1167075159458015,-4.3400044441223145,-15.066884613037109,-8.135416984558105,-5.958332538604736,-4.3400044441223145,-3.4934563636779785,0.6460197806358344,23.327900028228687,70.24359344482421,0.0,0.0,0.0,-3.3219296562019736,1.205222140256172,-6.03817999098036,2.5838129016715037,6
fat_tail|atr2|trail40|24h|200bps,fat_tail,atr2,40,24,200,controls,9702,-6.090362050042683,-9.511993408203125,-27.799116134643555,-23.078983306884766,-16.895246028900146,-9.511993408203125,-4.335622549057007,5.2969849586486815,29.627638435363725,114.79490730285626,0.011956297670583385,0.00041228612657184083,0.0,-8.237179986710041,2.1468179366673583,-9.375955883270711,-2.8463000199411574,7
fat_tail|atr2|trail40|24h|300bps,fat_tail,atr2,40,24,300,signals_and_alerts,65,-3.1167075303884655,-5.3400044441223145,-16.06688537597656,-9.135416984558105,-6.958332538604736,-5.3400044441223145,-4.4934563636779785,-0.3539802312850945,22.327900004386827,69.24359344482421,0.0,0.0,0.0,-4.321929670870304,1.2052221404818386,-7.03817999098036,1.5838129016715037,6
fat_tail|atr2|trail40|24h|300bps,fat_tail,atr2,40,24,300,controls,9702,-7.090362050784144,-10.511993408203125,-28.799116134643555,-24.078983306884766,-17.895246028900146,-10.511993408203125,-5.335622549057007,4.2969849586486815,28.627638435363725,113.79490730285626,0.011647083075654504,0.00041228612657184083,0.0,-9.237179987459067,2.146817936674923,-10.375955884882499,-3.846300031378305,7
fat_tail|atr2|trail40|72h|100bps,fat_tail,atr2,40,72,100,signals_and_alerts,57,-2.5455042604814495,-3.9738452434539795,-15.379643630981445,-8.892619800567624,-5.135336875915527,-3.9738452434539795,-2.8580222129821777,-2.4359872341156006,-1.1243944644928177,71.84033294677732,0.0,0.0,0.0,-3.948415219783783,1.4029109593023334,-5.797943975867295,3.1464007360893382,6
fat_tail|atr2|trail40|72h|100bps,fat_tail,atr2,40,72,100,controls,9434,-6.20343103367209,-9.067648887634277,-26.799116134643555,-22.25319538116455,-16.054611682891846,-9.067648887634277,-4.046266198158264,-2.057592082023619,27.853057956695572,95.69843643188503,0.009857960568157728,0.00042399830400678397,0.0,-8.335877197483377,2.132446163811287,-8.788857353586955,-3.5593775604430333,7
fat_tail|atr2|trail40|72h|200bps,fat_tail,atr2,40,72,200,signals_and_alerts,57,-3.5455042521158853,-4.9738450050354,-16.379643630981445,-9.89261951446533,-6.135336875915527,-4.9738450050354,-3.8580222129821777,-3.4359872341156006,-2.1243944644928177,70.84033294677732,0.0,0.0,0.0,-4.948415211268833,1.402910959152948,-6.797943906086247,2.1464007528204667,6
fat_tail|atr2|trail40|72h|200bps,fat_tail,atr2,40,72,200,controls,9434,-7.203431029229699,-10.067648887634277,-27.799116134643555,-23.25319538116455,-17.054611682891846,-10.067648887634277,-5.046266198158264,-3.057592082023619,26.853057956695572,94.69843643188503,0.009751960992156031,0.00042399830400678397,0.0,-9.335877192995797,2.1324461637660983,-9.78885735356136,-4.5593776008556945,7
fat_tail|atr2|trail40|72h|300bps,fat_tail,atr2,40,72,300,signals_and_alerts,57,-4.545504264664232,-5.9738450050354,-17.3796443939209,-10.89261951446533,-7.135336875915527,-5.9738450050354,-4.858022212982178,-4.435987377166748,-3.1243944644928177,69.84033294677732,0.0,0.0,0.0,-5.948415224041257,1.4029109593770253,-7.797943906086247,1.1464007528204667,6
fat_tail|atr2|trail40|72h|300bps,fat_tail,atr2,40,72,300,controls,9434,-8.203431029395647,-11.067648887634277,-28.799116134643555,-24.25319538116455,-18.054611682891846,-11.067648887634277,-6.046266198158264,-4.057592248916625,25.853057956695572,93.69843643188503,0.00953996184015264,0.00042399830400678397,0.0,-10.335877193163434,2.1324461637677867,-10.788857353612551,-5.559377602575382,7
fat_tail|fixed10|trail20|168h|100bps,fat_tail,fixed10,20,168,100,signals_and_alerts,39,-5.306702742209802,-11.0,-13.835665893554687,-11.0,-11.0,-11.0,-1.3128597438335419,12.334242820739751,19.61560268402101,33.24507526397703,0.0,0.0,0.0,-6.4152292013168335,1.1085264591070318,-8.12574250211107,-3.3641842061823066,6
fat_tail|fixed10|trail20|168h|100bps,fat_tail,fixed10,20,168,100,controls,9110,-4.3049761887823905,-11.0,-11.0,-11.0,-11.0,-11.0,-4.3525151014328,11.74161100387575,24.988379478454586,73.22334777832025,0.003293084522502744,0.0,0.0,-5.456144903048499,1.1511687142661087,-6.448203667060478,-1.8405034067405501,6
fat_tail|fixed10|trail20|168h|200bps,fat_tail,fixed10,20,168,200,signals_and_alerts,39,-6.3067027406814775,-12.0,-14.835665893554687,-12.0,-12.0,-12.0,-2.3128597736358643,11.334242820739751,18.61560268402101,32.24507526397703,0.0,0.0,0.0,-7.41522919974829,1.1085264590668125,-9.125742501096523,-4.364184119484642,6
fat_tail|fixed10|trail20|168h|200bps,fat_tail,fixed10,20,168,200,controls,9110,-5.304976187947714,-12.0,-12.0,-12.0,-12.0,-12.0,-5.3525151014328,10.74161100387575,23.988379478454586,72.22334777832025,0.0031833150384193193,0.0,0.0,-6.456144902205308,1.1511687142575937,-7.448203645719515,-2.8405033631076493,6
fat_tail|fixed10|trail20|168h|300bps,fat_tail,fixed10,20,168,300,signals_and_alerts,39,-7.306702739917315,-13.0,-15.835665893554687,-13.0,-13.0,-13.0,-3.3128596544265747,10.334242820739751,17.61560268402101,31.24507526397703,0.0,0.0,0.0,-8.415229198964019,1.108526459046704,-10.125742501096523,-5.364184119484642,6
fat_tail|fixed10|trail20|168h|300bps,fat_tail,fixed10,20,168,300,controls,9110,-6.304976189304163,-13.0,-13.0,-13.0,-13.0,-13.0,-6.3525151014328,9.74161100387575,22.988379478454586,71.22334777832025,0.0029637760702524696,0.0,0.0,-7.456144903575596,1.1511687142714324,-8.448203645719515,-3.8405034212848506,6
fat_tail|fixed10|trail20|24h|100bps,fat_tail,fixed10,20,24,100,signals_and_alerts,53,-3.363289919980573,-4.9116621017456055,-11.918701934814454,-11.0,-11.0,-4.9116621017456055,1.3390547037124634,5.159500408172616,15.721193885803215,29.821780395507812,0.0,0.0,0.0,-4.007720834109932,0.6444309141293592,-5.966241149902344,-1.593869483881987,6
fat_tail|fixed10|trail20|24h|100bps,fat_tail,fixed10,20,24,100,controls,9491,-3.5174533195346465,-11.0,-11.0,-11.0,-11.0,-11.0,-0.557987242937088,14.206692695617676,23.786450386047363,71.85295562744153,0.0031608892635128015,0.0,0.0,-4.63889190983839,1.1214385903037432,-5.53516729606112,-1.3726342744000986,7
fat_tail|fixed10|trail20|24h|200bps,fat_tail,fixed10,20,24,200,signals_and_alerts,53,-4.363289922194661,-5.9116621017456055,-12.918701934814454,-12.0,-12.0,-5.9116621017456055,0.339054673910141,4.159500408172616,14.721193885803215,28.821780395507812,0.0,0.0,0.0,-5.007720836366598,0.6444309141719371,-6.966241149902344,-2.593869533209969,6
fat_tail|fixed10|trail20|24h|200bps,fat_tail,fixed10,20,24,200,controls,9491,-4.5174533185474655,-12.0,-12.0,-12.0,-12.0,-12.0,-1.5579872727394104,13.206692695617676,22.786450386047363,70.85295562744153,0.003055526288062375,0.0,0.0,-5.638891908841227,1.1214385902937618,-6.535167267627001,-2.3726343092480957,7
fat_tail|fixed10|trail20|24h|300bps,fat_tail,fixed10,20,24,300,signals_and_alerts,53,-5.363289918469371,-6.9116621017456055,-13.918701934814454,-13.0,-13.0,-6.9116621017456055,-0.6609453558921814,3.1595005750656213,13.721193885803215,27.821780395507812,0.0,0.0,0.0,-6.007720832569668,0.6444309141002975,-7.966241149902344,-3.593869533209969,6
fat_tail|fixed10|trail20|24h|300bps,fat_tail,fixed10,20,24,300,controls,9491,-5.517453318903948,-13.0,-13.0,-13.0,-13.0,-13.0,-2.557987332344055,12.206692695617676,21.786450386047363,69.85295562744153,0.0028448003371615216,0.0,0.0,-6.638891909201314,1.121438590297366,-7.535167282301534,-3.3726343082134527,7
fat_tail|fixed10|trail20|72h|100bps,fat_tail,fixed10,20,72,100,signals_and_alerts,42,-4.9022293743633085,-11.0,-13.181917095184325,-11.0,-11.0,-11.0,0.569047600030899,11.150378465652453,18.49651198387144,32.96305730819699,0.0,0.0,0.0,-5.9197789372467415,1.017549562883433,-6.904224094814724,-3.2958009968633237,6
fat_tail|fixed10|trail20|72h|100bps,fat_tail,fixed10,20,72,100,controls,9331,-4.180144977809355,-11.0,-11.0,-11.0,-11.0,-11.0,-2.9284887313842773,11.431242942810059,24.87742519378662,72.57354888916059,0.0032150894866573784,0.0,0.0,-5.319438471689956,1.1392934938806016,-6.091993748015988,-1.7995715070942244,7
fat_tail|fixed10|trail20|72h|200bps,fat_tail,fixed10,20,72,200,signals_and_alerts,42,-5.902229375072888,-12.0,-14.181917095184325,-12.0,-12.0,-12.0,-0.43095241487026215,10.150378465652453,17.49651198387144,31.963057308196987,0.0,0.0,0.0,-6.919778937973628,1.01754956290074,-7.904224094814724,-4.295800913935122,6
fat_tail|fixed10|trail20|72h|200bps,fat_tail,fixed10,20,72,200,controls,9331,-5.180144977041059,-12.0,-12.0,-12.0,-12.0,-12.0,-3.9284887313842773,10.431242942810059,23.87742519378662,71.57354888916059,0.0031079198371021326,0.0,0.0,-6.319438470913841,1.1392934938727821,-7.09199371892084,-2.7995714549092097,7
fat_tail|fixed10|trail20|72h|300bps,fat_tail,fixed10,20,72,300,signals_and_alerts,42,-6.9022293743633085,-13.0,-15.181917095184325,-13.0,-13.0,-13.0,-1.4309524595737457,9.150378453731525,16.49651198387144,30.963057308196987,0.0,0.0,0.0,-7.9197789372467415,1.017549562883433,-8.90422465218438,-5.295800913935122,6
fat_tail|fixed10|trail20|72h|300bps,fat_tail,fixed10,20,72,300,controls,9331,-6.180144978395574,-13.0,-13.0,-13.0,-13.0,-13.0,-4.928488731384277,9.431242942810059,22.87742519378662,70.57354888916059,0.0028935805379916406,0.0,0.0,-7.31943847228214,1.1392934938865666,-8.09199371892084,-3.7995715248535227,7
fat_tail|fixed10|trail30|168h|100bps,fat_tail,fixed10,30,168,100,signals_and_alerts,31,-7.47350231293709,-11.0,-20.021718978881836,-13.296754837036133,-11.0,-11.0,-11.0,-9.497041702270508,30.667024612426758,45.88348388671874,0.0,0.0,0.0,-9.3147554397583,1.8412531268212105,-12.310071505033052,-0.11332007015452665,6
fat_tail|fixed10|trail30|168h|100bps,fat_tail,fixed10,30,168,100,controls,8519,-6.7516576084502375,-11.0,-11.0,-11.0,-11.0,-11.0,-11.0,1.1656924486160278,20.544813919067277,65.10304977416983,0.002582462730367414,0.00035215400868646553,0.0,-8.022004803676646,1.2703471952264085,-8.566058984991885,-4.759086005780394,6
fat_tail|fixed10|trail30|168h|200bps,fat_tail,fixed10,30,168,200,signals_and_alerts,31,-8.473502312937091,-12.0,-21.021718978881836,-14.296754837036133,-12.0,-12.0,-12.0,-10.497041702270508,29.667024612426758,44.88348388671874,0.0,0.0,0.0,-10.3147554397583,1.8412531268212096,-13.310071505033052,-1.1133198457605697,6
fat_tail|fixed10|trail30|168h|200bps,fat_tail,fixed10,30,168,200,controls,8519,-7.751657606672427,-12.0,-12.0,-12.0,-12.0,-12.0,-12.0,0.16569246351718903,19.544813919067277,64.10304977416983,0.002582462730367414,0.00035215400868646553,0.0,-9.02200480369012,1.270347197017693,-9.566058984991885,-5.7590861331691885,6
fat_tail|fixed10|trail30|168h|300bps,fat_tail,fixed10,30,168,300,signals_and_alerts,31,-9.473502312937091,-13.0,-22.021718978881836,-15.296754837036133,-13.0,-13.0,-13.0,-11.497041702270508,28.667024612426758,43.88348388671874,0.0,0.0,0.0,-11.3147554397583,1.8412531268212096,-14.310071505033052,-2.1133198457605697,6
fat_tail|fixed10|trail30|168h|300bps,fat_tail,fixed10,30,168,300,controls,8519,-8.751657608215083,-13.0,-13.0,-13.0,-13.0,-13.0,-13.0,-0.8343075513839722,18.544813919067277,63.103046646118074,0.002582462730367414,0.00035215400868646553,0.0,-10.022004804796154,1.2703471965810706,-10.566058984991885,-6.7590861331691885,6
fat_tail|fixed10|trail30|24h|100bps,fat_tail,fixed10,30,24,100,signals_and_alerts,48,-3.008646022877656,-11.0,-16.79967670440674,-11.0,-11.0,-11.0,1.1613312363624573,9.840566110611022,29.92814064025879,44.81780624389649,0.0,0.0,0.0,-4.0889170338261005,1.0802710109484446,-8.03342800140381,1.3115318070596724,6
fat_tail|fixed10|trail30|24h|100bps,fat_tail,fixed10,30,24,100,controls,9286,-5.007380345858685,-11.0,-11.0,-11.0,-11.0,-11.0,-8.380306720733643,10.799437046051025,24.42933416366577,61.796480178832844,0.0023691578720654747,0.00032306698255438296,0.0,-6.208540773175348,1.2011604273166627,-7.318568501461819,-2.754329547935895,7
fat_tail|fixed10|trail30|24h|200bps,fat_tail,fixed10,30,24,200,signals_and_alerts,48,-4.008646026564141,-12.0,-17.79967670440674,-12.0,-12.0,-12.0,0.16133122518658638,8.840566110611022,28.92814064025879,43.81780624389649,0.0,0.0,0.0,-5.088917037591021,1.0802710110268805,-9.03342800140381,0.3115318070596723,6
fat_tail|fixed10|trail30|24h|200bps,fat_tail,fixed10,30,24,200,controls,9286,-6.007380343862086,-12.0,-12.0,-12.0,-12.0,-12.0,-9.380306720733643,9.799437046051025,23.42933416366577,60.796480178832844,0.0023691578720654747,0.00032306698255438296,0.0,-7.2085407728183775,1.2011604289562916,-8.31856850223669,-3.754329548194801,7
fat_tail|fixed10|trail30|24h|300bps,fat_tail,fixed10,30,24,300,signals_and_alerts,48,-5.008646023071681,-13.0,-18.79967670440674,-13.0,-13.0,-13.0,-0.8386687785387039,7.840566277504029,27.92814064025879,42.81780624389649,0.0,0.0,0.0,-6.088917034024254,1.0802710109525728,-10.03342800140381,-0.6884681929403277,6
fat_tail|fixed10|trail30|24h|300bps,fat_tail,fixed10,30,24,300,controls,9286,-7.007380344605597,-13.0,-13.0,-13.0,-13.0,-13.0,-10.380306720733643,8.799437046051025,22.42933416366577,59.796480178832844,0.0023691578720654747,0.00032306698255438296,0.0,-8.208540773154454,1.2011604285488566,-9.318568500686947,-4.754329543923291,7
fat_tail|fixed10|trail30|72h|100bps,fat_tail,fixed10,30,72,100,signals_and_alerts,34,-6.7826705434743095,-11.0,-19.62096290588379,-12.607728385925292,-11.0,-11.0,-11.0,1.5265219092369076,27.418512153625443,45.69542312622072,0.0,0.0,0.0,-8.435602726358356,1.6529321828840464,-11.774415334065756,-0.24937851364548141,6
fat_tail|fixed10|trail30|72h|100bps,fat_tail,fixed10,30,72,100,controls,8772,-6.455648647165274,-11.0,-11.0,-11.0,-11.0,-11.0,-11.0,3.037354731559755,20.078809070587134,63.92611770629846,0.0025079799361605107,0.0003419972640218878,0.0,-7.702693713955149,1.247045066789875,-7.825489112800813,-4.670897914036322,7
fat_tail|fixed10|trail30|72h|200bps,fat_tail,fixed10,30,72,200,signals_and_alerts,34,-7.782670546103926,-12.0,-20.62096290588379,-13.607728385925292,-12.0,-12.0,-12.0,0.5265218585729595,26.418512153625443,44.69542312622072,0.0,0.0,0.0,-9.435602729067657,1.6529321829637311,-12.774415334065756,-1.2493783074456293,6
fat_tail|fixed10|trail30|72h|200bps,fat_tail,fixed10,30,72,200,controls,8772,-7.4556486455885445,-12.0,-12.0,-12.0,-12.0,-12.0,-12.0,2.037354731559755,19.078809070587134,62.92611770629846,0.0025079799361605107,0.0003419972640218878,0.0,-8.702693714119558,1.2470450685310137,-8.825489113085583,-5.670897993237169,7
fat_tail|fixed10|trail30|72h|300bps,fat_tail,fixed10,30,72,300,signals_and_alerts,34,-8.782670546103926,-13.0,-21.62096290588379,-14.607728385925292,-13.0,-13.0,-13.0,-0.47347812950611146,25.418512153625443,43.69542312622072,0.0,0.0,0.0,-10.435602729067657,1.6529321829637311,-13.774415334065756,-2.249378307445629,6
fat_tail|fixed10|trail30|72h|300bps,fat_tail,fixed10,30,72,300,controls,8772,-8.455648646962967,-13.0,-13.0,-13.0,-13.0,-13.0,-13.0,1.037354731559755,18.078809070587134,61.92611770629846,0.0025079799361605107,0.0003419972640218878,0.0,-9.702693715068628,1.2470450681056615,-9.825489113085583,-6.670897993237169,7
fat_tail|fixed10|trail40|168h|100bps,fat_tail,fixed10,40,168,100,signals_and_alerts,31,-6.294448706411546,-11.0,-20.021718978881836,-13.296754837036133,-11.0,-11.0,-11.0,-11.0,35.56712567806244,73.779736328125,0.0,0.0,0.0,-9.038180645306905,2.743731938895359,-12.51469506157769,4.8723051009639615,6
fat_tail|fixed10|trail40|168h|100bps,fat_tail,fixed10,40,168,100,controls,8379,-8.36272129998534,-11.0,-11.0,-11.0,-11.0,-11.0,-11.0,-11.0,5.558230924606205,70.1550964355459,0.004654493376297888,0.00035803795202291446,0.0,-9.699410096148615,1.3366887961632745,-9.649068339050563,-7.032872353830645,6
fat_tail|fixed10|trail40|168h|200bps,fat_tail,fixed10,40,168,200,signals_and_alerts,31,-7.294448706411546,-12.0,-21.021718978881836,-14.296754837036133,-12.0,-12.0,-12.0,-12.0,34.56712567806244,72.779736328125,0.0,0.0,0.0,-10.038180645306905,2.743731938895359,-13.51469506157769,3.8723051009639615,6
fat_tail|fixed10|trail40|168h|200bps,fat_tail,fixed10,40,168,200,controls,8379,-9.362721298606196,-12.0,-12.0,-12.0,-12.0,-12.0,-12.0,-12.0,4.558230924606205,69.1550964355459,0.004654493376297888,0.00035803795202291446,0.0,-10.699410094755503,1.336688796149307,-10.64906817472376,-8.03287207990007,6
fat_tail|fixed10|trail40|168h|300bps,fat_tail,fixed10,40,168,300,signals_and_alerts,31,-8.294448706411547,-13.0,-22.021718978881836,-15.296754837036133,-13.0,-13.0,-13.0,-13.0,33.56712567806244,71.779736328125,0.0,0.0,0.0,-11.038180645306905,2.7437319388953583,-14.51469506157769,2.8723051009639615,6
fat_tail|fixed10|trail40|168h|300bps,fat_tail,fixed10,40,168,300,controls,8379,-10.362721299975226,-13.0,-13.0,-13.0,-13.0,-13.0,-13.0,-13.0,3.5582307100294837,68.1550964355459,0.004415801408282611,0.00035803795202291446,0.0,-11.699410096138397,1.3366887961631715,-11.64906817472376,-9.03287207990007,6
fat_tail|fixed10|trail40|24h|100bps,fat_tail,fixed10,40,24,100,signals_and_alerts,48,-2.2471739019965753,-11.0,-16.79967670440674,-11.0,-11.0,-11.0,1.1613312363624573,4.154238510131845,29.92814064025879,72.51166488647462,0.0,0.0,0.0,-3.9123799309847835,1.6652060289882082,-8.572183609008789,3.9420477768470503,6
fat_tail|fixed10|trail40|24h|100bps,fat_tail,fixed10,40,24,100,controls,9126,-6.204983752693712,-11.0,-11.0,-11.0,-11.0,-11.0,-11.0,4.163112163543701,19.790059089660645,75.1154613494873,0.007232084155161078,0.0003287310979618672,0.0,-7.63404710505082,1.4290633523571081,-8.565718104247601,-4.090318335792102,7
fat_tail|fixed10|trail40|24h|200bps,fat_tail,fixed10,40,24,200,signals_and_alerts,48,-3.2471739056830606,-12.0,-17.79967670440674,-12.0,-12.0,-12.0,0.16133122518658638,3.1542385101318446,28.92814064025879,71.51166488647462,0.0,0.0,0.0,-4.912379934749705,1.6652060290666442,-9.572183609008789,2.9420477768470503,6
fat_tail|fixed10|trail40|24h|200bps,fat_tail,fixed10,40,24,200,controls,9126,-7.204983751538731,-12.0,-12.0,-12.0,-12.0,-12.0,-12.0,3.1631120443344116,18.790059089660645,74.1154613494873,0.007232084155161078,0.0003287310979618672,0.0,-8.634047103884077,1.429063352345346,-9.565718105294122,-5.090318336014766,7
fat_tail|fixed10|trail40|24h|300bps,fat_tail,fixed10,40,24,300,signals_and_alerts,48,-4.2471739021906005,-13.0,-18.79967670440674,-13.0,-13.0,-13.0,-0.8386687785387039,2.1542384982109155,27.92814064025879,70.51166488647462,0.0,0.0,0.0,-5.9123799311829375,1.665206028992337,-10.572183609008789,1.94204777684705,6
fat_tail|fixed10|trail40|24h|300bps,fat_tail,fixed10,40,24,300,controls,9126,-8.204983752140771,-13.0,-13.0,-13.0,-13.0,-13.0,-13.0,2.1631120443344116,17.790059089660645,73.1154613494873,0.006903353057199211,0.0003287310979618672,0.0,-9.634047104492248,1.429063352351477,-10.56571810320108,-6.090318164562695,7
fat_tail|fixed10|trail40|72h|100bps,fat_tail,fixed10,40,72,100,signals_and_alerts,34,-5.707651078701019,-11.0,-19.62096290588379,-12.607728385925292,-11.0,-11.0,-11.0,1.5265219092369076,25.669783675670484,73.5559590148926,0.0,0.0,0.0,-8.184171095038906,2.4765200163378864,-12.123220443725586,4.285600081734035,6
fat_tail|fixed10|trail40|72h|100bps,fat_tail,fixed10,40,72,100,controls,8657,-8.01214074076461,-11.0,-11.0,-11.0,-11.0,-11.0,-11.0,-5.5047924995422335,7.95535221099847,68.68289062500004,0.004505024835393323,0.00034654037195333255,0.0,-9.329501672011617,1.3173609312470074,-9.03127202149382,-6.914307424066177,7
fat_tail|fixed10|trail40|72h|200bps,fat_tail,fixed10,40,72,200,signals_and_alerts,34,-6.707651081330636,-12.0,-20.62096290588379,-13.607728385925292,-12.0,-12.0,-12.0,0.5265218585729595,24.669783675670484,72.5559590148926,0.0,0.0,0.0,-9.184171097748207,2.476520016417571,-13.123220443725586,3.285600081734035,6
fat_tail|fixed10|trail40|72h|200bps,fat_tail,fixed10,40,72,200,controls,8657,-9.012140739526467,-12.0,-12.0,-12.0,-12.0,-12.0,-12.0,-6.5047924995422335,6.955352115631038,67.68289062500004,0.004505024835393323,0.00034654037195333255,0.0,-10.329501670760905,1.3173609312344379,-10.031272020375605,-7.914307298450098,7
fat_tail|fixed10|trail40|72h|300bps,fat_tail,fixed10,40,72,300,signals_and_alerts,34,-7.707651081330636,-13.0,-21.62096290588379,-14.607728385925292,-13.0,-13.0,-13.0,-0.47347812950611146,23.669783675670484,71.5559590148926,0.0,0.0,0.0,-10.184171097748207,2.476520016417571,-14.123220443725586,2.285600081734035,6
fat_tail|fixed10|trail40|72h|300bps,fat_tail,fixed10,40,72,300,controls,8657,-10.01214074072615,-13.0,-13.0,-13.0,-13.0,-13.0,-13.0,-7.5047924995422335,5.955352115631038,66.68289062500004,0.0042739979207577685,0.00034654037195333255,0.0,-11.329501671972766,1.3173609312466166,-11.031272020375605,-8.9143072984501,7
fat_tail|fixed20|trail20|168h|100bps,fat_tail,fixed20,20,168,100,signals_and_alerts,32,-6.159850332885981,-11.232834339141846,-21.0,-20.96376152038574,-15.911475658416748,-11.232834339141846,1.7091244757175446,13.531713485717777,22.64936437606811,33.90311716079713,0.0,0.0,0.0,-7.5462101082648,1.3863597753788195,-9.4247025670232,-3.1465728157445003,6
fat_tail|fixed20|trail20|168h|100bps,fat_tail,fixed20,20,168,100,controls,8640,-4.965046123248815,-11.351419925689697,-21.0,-20.77642250061035,-18.063889026641846,-11.351419925689697,0.48771117627620697,17.81891975402833,29.557558727264368,84.6780264282227,0.006597222222222222,0.0,0.0,-6.418296174417925,1.4532500511691104,-8.167303038010248,-1.114549064162943,6
fat_tail|fixed20|trail20|168h|200bps,fat_tail,fixed20,20,168,200,signals_and_alerts,32,-7.159850360825658,-12.232834339141846,-22.0,-21.96376152038574,-16.911475658416748,-12.232834339141846,0.7091245055198669,12.531713485717777,21.64936437606811,32.90311716079713,0.0,0.0,0.0,-8.546210137105756,1.3863597762800985,-10.424702618573162,-4.14657291613127,6
fat_tail|fixed20|trail20|168h|200bps,fat_tail,fixed20,20,168,200,controls,8640,-5.965046118401989,-12.351419925689697,-22.0,-21.77642250061035,-19.063889026641846,-12.351419925689697,-0.512288823723793,16.81891975402833,28.557558727264368,83.6780264282227,0.006481481481481481,0.0,0.0,-7.418296169521799,1.4532500511198103,-9.167303038804214,-2.1145490854608804,6
fat_tail|fixed20|trail20|168h|300bps,fat_tail,fixed20,20,168,300,signals_and_alerts,32,-8.159850330092013,-13.232834339141846,-23.0,-22.96376152038574,-17.911475658416748,-13.232834339141846,-0.29087550193071365,11.531713485717777,20.64936437606811,31.90311716079713,0.0,0.0,0.0,-9.546210105380704,1.3863597752886907,-11.424702670123127,-5.14657301651804,6
fat_tail|fixed20|trail20|168h|300bps,fat_tail,fixed20,20,168,300,controls,8640,-6.965046117209002,-13.351419925689697,-23.0,-22.77642250061035,-20.063889026641846,-13.351419925689697,-1.5122887790203094,15.81891984939576,27.557558727264368,82.6780264282227,0.00625,0.0,0.0,-8.418296168316676,1.4532500511076742,-10.167303037517552,-3.114549045231443,6
fat_tail|fixed20|trail20|24h|100bps,fat_tail,fixed20,20,24,100,signals_and_alerts,47,-3.6824037410873682,-0.18747347593307495,-21.0,-20.42694435119629,-14.46318769454956,-0.18747347593307495,1.9515162706375122,8.13024721145629,17.235003757476786,29.85931930541992,0.0,0.0,0.0,-4.417828118388096,0.7354243773007276,-6.489992989434136,-1.2803313064575195,6
fat_tail|fixed20|trail20|24h|100bps,fat_tail,fixed20,20,24,100,controls,9039,-3.9842378656281583,-10.0405855178833,-21.0,-20.62504768371582,-17.557538986206055,-10.0405855178833,2.295658826828003,18.225154876708984,29.05921039581299,82.52350616455078,0.006306007301692665,0.0,0.0,-5.501232188793452,1.5169943231652936,-7.058421741431163,-0.7401522458889476,7
fat_tail|fixed20|trail20|24h|200bps,fat_tail,fixed20,20,24,200,signals_and_alerts,47,-4.682403763875048,-1.1874735355377197,-22.0,-21.42694435119629,-15.46318769454956,-1.1874735355377197,0.9515162706375122,7.13024721145629,16.235003757476786,28.85931930541992,0.0,0.0,0.0,-5.41782814167116,0.7354243777961118,-7.489993042416042,-2.2803312873840333,6
fat_tail|fixed20|trail20|24h|200bps,fat_tail,fixed20,20,24,200,controls,9039,-4.9842378605906035,-11.0405855178833,-22.0,-21.62504768371582,-18.557538986206055,-11.0405855178833,1.295658826828003,17.225154876708984,28.05921039581299,81.52350616455078,0.006195375594645425,0.0,0.0,-6.501232183698972,1.516994323108369,-8.058421742902315,-1.7401522636905342,7
fat_tail|fixed20|trail20|24h|300bps,fat_tail,fixed20,20,24,300,signals_and_alerts,47,-5.682403739383246,-2.1874735355377197,-23.0,-22.42694435119629,-16.463187217712402,-2.1874735355377197,-0.04848370514810085,6.130247354507437,15.235003757476786,27.85931930541992,0.0,0.0,0.0,-6.417828116646928,0.7354243772636817,-8.48999309539795,-3.2803313827514646,6
fat_tail|fixed20|trail20|24h|300bps,fat_tail,fixed20,20,24,300,controls,9039,-5.984237858416268,-12.0405855178833,-23.0,-22.62504768371582,-19.557538986206055,-12.0405855178833,0.29565881192684174,16.225154876708984,27.05921039581299,80.52350616455078,0.005974112180550946,0.0,0.0,-7.501232181500067,1.5169943230837992,-9.05842174094078,-2.740152167418649,7
fat_tail|fixed20|trail20|72h|100bps,fat_tail,fixed20,20,72,100,signals_and_alerts,35,-5.601355355126517,-8.657747268676758,-21.0,-20.85504608154297,-15.708564281463623,-8.657747268676758,1.591607928276062,13.018511772155763,21.349180793762184,33.62109920501706,0.0,0.0,0.0,-6.848962945096633,1.2476075899701158,-7.9050964724185855,-3.1127346263212314,6
fat_tail|fixed20|trail20|72h|100bps,fat_tail,fixed20,20,72,100,controls,8958,-4.787841214192597,-10.821742534637451,-21.0,-20.7009859085083,-17.816251754760742,-10.821742534637451,0.6701288819313049,17.191356849670413,29.112821197509753,82.52350616455078,0.006363027461486939,0.0,0.0,-6.32787273712998,1.540031522937383,-7.600242894807303,-1.0937910586978543,7
fat_tail|fixed20|trail20|72h|200bps,fat_tail,fixed20,20,72,200,signals_and_alerts,35,-6.60135538322585,-9.657747268676758,-22.0,-21.85504608154297,-16.70856475830078,-9.657747268676758,0.5916078984737396,12.018511772155763,20.349180793762184,32.62109920501706,0.0,0.0,0.0,-7.848962974022417,1.2476075907965667,-8.905096388997285,-4.1127345702227425,6
fat_tail|fixed20|trail20|72h|200bps,fat_tail,fixed20,20,72,200,controls,8958,-5.787841209575946,-11.821742534637451,-22.0,-21.7009859085083,-18.816251754760742,-11.821742534637451,-0.32987111806869507,16.191356849670413,28.112821197509753,81.52350616455078,0.006251395400759098,0.0,0.0,-7.327872732460683,1.5400315228847372,-8.60024289449987,-2.093791083163095,7
fat_tail|fixed20|trail20|72h|300bps,fat_tail,fixed20,20,72,300,signals_and_alerts,35,-7.601355355126517,-10.657747268676758,-23.0,-22.85504608154297,-17.70856475830078,-10.657747268676758,-0.4083920866250992,11.018511772155763,19.349180793762184,31.621099205017057,0.0,0.0,0.0,-8.848962945096632,1.247607589970115,-9.905096390106209,-5.112734626321232,6
fat_tail|fixed20|trail20|72h|300bps,fat_tail,fixed20,20,72,300,controls,8958,-6.787841208372338,-12.821742534637451,-23.0,-22.7009859085083,-19.816251754760742,-12.821742534637451,-1.3298710584640503,15.191356849670413,27.112821197509753,80.52350616455078,0.006028131279303416,0.0,0.0,-8.32787273124335,1.5400315228710113,-9.600242894078647,-3.093791050790625,7
fat_tail|fixed20|trail30|168h|100bps,fat_tail,fixed20,30,168,100,signals_and_alerts,21,-11.864402498517718,-21.0,-21.62201690673828,-21.357572555541992,-21.0,-21.0,-18.450145721435547,19.83864974975586,41.495399475097656,46.51035308837891,0.0,0.0,0.0,-14.845827198028564,2.981424699510846,-19.66175490159255,-1.9625623226165771,5
fat_tail|fixed20|trail30|168h|100bps,fat_tail,fixed20,30,168,100,controls,7431,-7.751113023246972,-21.0,-21.0,-21.0,-21.0,-21.0,-5.232265472412109,25.885271072387695,46.373910903930664,82.23617019653318,0.0072668550666128385,0.0004037141703673799,0.0,-9.606518535630686,1.8554055123837143,-12.354943160806021,-2.9838689215129106,6
fat_tail|fixed20|trail30|168h|200bps,fat_tail,fixed20,30,168,200,signals_and_alerts,21,-12.864402498517718,-22.0,-22.62201690673828,-22.357572555541992,-22.0,-22.0,-19.450145721435547,18.83864974975586,40.495399475097656,45.51035308837891,0.0,0.0,0.0,-15.845827198028564,2.981424699510846,-20.66175490159255,-2.962562322616577,5
fat_tail|fixed20|trail30|168h|200bps,fat_tail,fixed20,30,168,200,controls,7431,-8.75111302122566,-22.0,-22.0,-22.0,-22.0,-22.0,-6.232265472412109,24.885271072387695,45.373910903930664,81.23617019653318,0.0072668550666128385,0.0004037141703673799,0.0,-10.606518535663097,1.8554055144374377,-13.35494307057209,-3.9838687191864257,6
fat_tail|fixed20|trail30|168h|300bps,fat_tail,fixed20,30,168,300,signals_and_alerts,21,-13.864402498517718,-23.0,-23.62201690673828,-23.357572555541992,-23.0,-23.0,-20.450145721435547,17.83864974975586,39.495399475097656,44.51035308837891,0.0,0.0,0.0,-16.845827198028566,2.981424699510848,-21.66175490159255,-3.962562322616577,5
fat_tail|fixed20|trail30|168h|300bps,fat_tail,fixed20,30,168,300,controls,7431,-9.751113018483297,-23.0,-23.0,-23.0,-23.0,-23.0,-7.232265472412109,23.885271072387695,44.373910903930664,80.23617019653318,0.005921141165388238,0.0004037141703673799,0.0,-11.606518532892773,1.855405514409476,-14.35494307057209,-4.983868764147867,6
fat_tail|fixed20|trail30|24h|100bps,fat_tail,fixed20,30,24,100,signals_and_alerts,38,-2.9732187065344893,-2.9095752239227295,-21.0536358833313,-21.0,-19.762933254241943,-2.9095752239227295,1.7227610647678375,22.743495559692423,31.849359893798812,45.444675445556655,0.0,0.0,0.0,-4.344497360540806,1.3712786540063164,-9.31177534375872,3.387032657199436,5
fat_tail|fixed20|trail30|24h|100bps,fat_tail,fixed20,30,24,100,controls,8482,-5.33385271035445,-17.400872230529785,-21.0,-21.0,-21.0,-17.400872230529785,1.376338392496109,24.179275703430175,44.72124767303462,79.60269165039062,0.006366423013440227,0.0003536901674133459,0.0,-7.091411240084304,1.7575585297298542,-10.471054822993729,-0.37346770488317005,7
fat_tail|fixed20|trail30|24h|200bps,fat_tail,fixed20,30,24,200,signals_and_alerts,38,-3.973218711191102,-3.9095752239227295,-22.0536358833313,-22.0,-20.762933254241943,-3.9095752239227295,0.7227610573172569,21.743495559692423,30.849359893798812,44.444675445556655,0.0,0.0,0.0,-5.344497365323273,1.3712786541321704,-10.31177534375872,2.387032657199436,5
fat_tail|fixed20|trail30|24h|200bps,fat_tail,fixed20,30,24,200,controls,8482,-6.3338527084187195,-18.400872230529785,-22.0,-22.0,-22.0,-18.400872230529785,0.376338392496109,23.179275703430175,43.72124767303462,78.60269165039062,0.006366423013440227,0.0003536901674133459,0.0,-8.091411239946067,1.7575585315273479,-11.471055054214766,-1.3734678022700584,7
fat_tail|fixed20|trail30|24h|300bps,fat_tail,fixed20,30,24,300,signals_and_alerts,38,-4.973218706779574,-4.9095752239227295,-23.0536358833313,-23.0,-21.762933254241943,-4.9095752239227295,-0.27723895013332367,20.743495559692423,29.849359893798812,43.444675445556655,0.0,0.0,0.0,-6.344497360792515,1.371278654012941,-11.31177534375872,1.3870323181152344,5
fat_tail|fixed20|trail30|24h|300bps,fat_tail,fixed20,30,24,300,controls,8482,-7.333852705670772,-19.400872230529785,-23.0,-23.0,-23.0,-19.400872230529785,-0.623661607503891,22.179275703430175,42.72124767303462,77.60269165039062,0.005187455788729073,0.0003536901674133459,0.0,-9.09141123716865,1.757558531497878,-12.471054994835043,-2.373467800760184,7
fat_tail|fixed20|trail30|72h|100bps,fat_tail,fixed20,30,72,100,signals_and_alerts,24,-10.336861635247866,-21.0,-21.582350254058838,-21.250300788879393,-21.0,-21.0,-7.5706241726875305,14.388638675212846,38.24688701629634,46.32229232788086,0.0,0.0,0.0,-12.862990032071652,2.526128396823786,-18.540091105869838,-1.9435414208306208,5
fat_tail|fixed20|trail30|72h|100bps,fat_tail,fixed20,30,72,100,controls,7780,-7.223504157146381,-21.0,-21.0,-21.0,-21.0,-21.0,-2.1005098819732666,24.034534454345703,45.72432670593258,80.45621078491214,0.006940874035989717,0.00038560411311053987,0.0,-9.0250021281168,1.8014979709704182,-10.813278791193959,-2.5970698090681745,7
fat_tail|fixed20|trail30|72h|200bps,fat_tail,fixed20,30,72,200,signals_and_alerts,24,-11.336861638973156,-22.0,-22.582350254058838,-22.250300788879393,-22.0,-22.0,-8.57062417268753,13.388638657331454,37.24688701629634,45.32229232788086,0.0,0.0,0.0,-13.862990035958912,2.526128396985756,-19.540091105869838,-2.9435414208306208,5
fat_tail|fixed20|trail30|72h|200bps,fat_tail,fixed20,30,72,200,controls,7780,-8.223504155410986,-22.0,-22.0,-22.0,-22.0,-22.0,-3.1005098819732666,23.034534454345703,44.72432670593258,79.45621078491214,0.006940874035989717,0.00038560411311053987,0.0,-10.025002128344974,1.8014979729339888,-11.81327867762258,-3.5970697237271425,7
fat_tail|fixed20|trail30|72h|300bps,fat_tail,fixed20,30,72,300,signals_and_alerts,24,-12.336861638973156,-23.0,-23.582350254058838,-23.250300788879393,-23.0,-23.0,-9.57062417268753,12.38863866627215,36.24688701629634,44.32229232788086,0.0,0.0,0.0,-14.862990035958912,2.526128396985756,-20.540091105869838,-3.9435414208306208,5
fat_tail|fixed20|trail30|72h|300bps,fat_tail,fixed20,30,72,300,controls,7780,-9.223504153774018,-23.0,-23.0,-23.0,-23.0,-23.0,-4.100509762763977,22.034534454345703,43.72432670593258,78.45621078491214,0.005655526992287918,0.00038560411311053987,0.0,-11.02500212669143,1.8014979729174119,-12.81327867762258,-4.5970697733898165,7
fat_tail|fixed20|trail40|168h|100bps,fat_tail,fixed20,40,168,100,signals_and_alerts,21,-11.227014598392305,-21.0,-21.62201690673828,-21.357572555541992,-21.0,-21.0,-21.0,2.5759856700897217,68.55826568603516,74.52566070556641,0.0,0.0,0.0,-15.58924080133438,4.362226202942075,-21.396650894828465,4.174185379691746,5
fat_tail|fixed20|trail40|168h|100bps,fat_tail,fixed20,40,168,100,controls,7048,-11.315487114433516,-21.0,-21.0,-21.0,-21.0,-21.0,-18.687692642211914,12.139981460571304,43.57229595184322,126.49099937438935,0.013762769580022701,0.0005675368898978433,0.0,-13.298153172072647,1.9826660576391308,-15.363910824022897,-7.466478623475103,6
fat_tail|fixed20|trail40|168h|200bps,fat_tail,fixed20,40,168,200,signals_and_alerts,21,-12.227014598392305,-22.0,-22.62201690673828,-22.357572555541992,-22.0,-22.0,-22.0,1.5759856700897217,67.55826568603516,73.52566070556641,0.0,0.0,0.0,-16.58924080133438,4.362226202942075,-22.396650894828465,3.174185379691746,5
fat_tail|fixed20|trail40|168h|200bps,fat_tail,fixed20,40,168,200,controls,7048,-12.315487113468894,-22.0,-22.0,-22.0,-22.0,-22.0,-19.687692642211914,11.139981460571304,42.57229595184322,125.49099937438935,0.013762769580022701,0.0005675368898978433,0.0,-14.298153171098209,1.9826660576293147,-16.363910824022895,-8.466478623475103,6
fat_tail|fixed20|trail40|168h|300bps,fat_tail,fixed20,40,168,300,signals_and_alerts,21,-13.227014598392305,-23.0,-23.62201690673828,-23.357572555541992,-23.0,-23.0,-23.0,0.5759856700897217,66.55826568603516,72.52566070556641,0.0,0.0,0.0,-17.58924080133438,4.362226202942075,-23.396650894828465,2.174185379691746,5
fat_tail|fixed20|trail40|168h|300bps,fat_tail,fixed20,40,168,300,controls,7048,-13.315487114783027,-23.0,-23.0,-23.0,-23.0,-23.0,-20.687692642211914,10.139981460571304,41.57229595184322,124.49099937438935,0.01347900113507378,0.0005675368898978433,0.0,-15.298153172425714,1.982666057642687,-17.363910824022895,-9.466478839752048,6
fat_tail|fixed20|trail40|24h|100bps,fat_tail,fixed20,40,24,100,signals_and_alerts,36,-1.5966204227362242,-1.265875675715506,-21.089393138885498,-21.0,-21.0,-1.265875675715506,1.9010897278785706,17.53857111930847,39.74990463256836,73.40677413940429,0.0,0.0,0.0,-3.814166990827237,2.217546568091013,-10.128819465637207,8.04419665866428,5
fat_tail|fixed20|trail40|24h|100bps,fat_tail,fixed20,40,24,100,controls,8119,-7.698944892645891,-21.0,-21.0,-21.0,-21.0,-21.0,-2.455380916595459,19.675281524658203,42.947818756103516,130.61131713867118,0.016011824116270477,0.0004926715112698608,0.0,-9.590808306187569,1.8918634135416772,-13.45953867065885,-2.686018869919941,7
fat_tail|fixed20|trail40|24h|200bps,fat_tail,fixed20,40,24,200,signals_and_alerts,36,-2.596620427651538,-2.265875667333603,-22.089393138885498,-22.0,-22.0,-2.265875667333603,0.9010897278785706,16.53857111930847,38.74990463256836,72.40677413940429,0.0,0.0,0.0,-4.814166995882988,2.21754656823145,-11.128819465637207,7.04419665866428,5
fat_tail|fixed20|trail40|24h|200bps,fat_tail,fixed20,40,24,200,controls,8119,-8.698944891559181,-22.0,-22.0,-22.0,-22.0,-22.0,-3.455380916595459,18.675281524658203,41.947818756103516,129.61131713867118,0.015888656238453012,0.0004926715112698608,0.0,-10.590808305089771,1.89186341353059,-14.459538671812254,-3.686018859112816,7
fat_tail|fixed20|trail40|24h|300bps,fat_tail,fixed20,40,24,300,signals_and_alerts,36,-3.596620422994925,-3.2658756971359253,-23.089393138885498,-23.0,-23.0,-3.2658756971359253,-0.09891026001423597,15.538571238517761,37.74990463256836,71.40677413940429,0.0,0.0,0.0,-5.814166991093329,2.2175465680984043,-12.128819465637207,6.04419665866428,5
fat_tail|fixed20|trail40|24h|300bps,fat_tail,fixed20,40,24,300,controls,8119,-9.698944891622428,-23.0,-23.0,-23.0,-23.0,-23.0,-4.455380916595459,17.675281524658203,40.947818756103516,128.61131713867118,0.015519152605000615,0.0004926715112698608,0.0,-11.590808305153665,1.8918634135312367,-15.459538669505443,-4.686018826455732,7
fat_tail|fixed20|trail40|72h|100bps,fat_tail,fixed20,40,72,100,signals_and_alerts,24,-9.77914722263813,-21.0,-21.582350254058838,-21.250300788879393,-21.0,-21.0,-16.19784289598465,2.304773819446563,58.660923683643205,74.30188339233398,0.0,0.0,0.0,-13.509436643641928,3.730289421003798,-19.90432412283761,3.485851581280048,5
fat_tail|fixed20|trail40|72h|100bps,fat_tail,fixed20,40,72,100,controls,7454,-10.561568765831685,-21.0,-21.0,-21.0,-21.0,-21.0,-12.507031440734863,11.531312561035154,40.28921585082992,124.28146514892602,0.01301314730346123,0.0005366246310705661,0.0,-12.502665888972839,1.9410971231411533,-13.989506108222596,-7.064755177684955,7
fat_tail|fixed20|trail40|72h|200bps,fat_tail,fixed20,40,72,200,signals_and_alerts,24,-10.77914722636342,-22.0,-22.582350254058838,-22.250300788879393,-22.0,-22.0,-17.19784289598465,1.3047738015651698,57.660923683643205,73.30188339233398,0.0,0.0,0.0,-14.509436647529187,3.7302894211657662,-20.90432412283761,2.485851581280048,5
fat_tail|fixed20|trail40|72h|200bps,fat_tail,fixed20,40,72,200,controls,7454,-11.561568765059416,-22.0,-22.0,-22.0,-22.0,-22.0,-13.507031440734863,10.531312561035154,39.28921585082992,123.28146514892602,0.01301314730346123,0.0005366246310705661,0.0,-13.50266588819272,1.9410971231333036,-14.989506109125784,-8.06475517827814,7
fat_tail|fixed20|trail40|72h|300bps,fat_tail,fixed20,40,72,300,signals_and_alerts,24,-11.77914722636342,-23.0,-23.582350254058838,-23.250300788879393,-23.0,-23.0,-18.19784289598465,0.3047738105058664,56.660923683643205,72.30188339233398,0.0,0.0,0.0,-15.509436647529187,3.7302894211657662,-21.90432412283761,1.4858515812800481,5
fat_tail|fixed20|trail40|72h|300bps,fat_tail,fixed20,40,72,300,controls,7454,-12.561568766079885,-23.0,-23.0,-23.0,-23.0,-23.0,-14.507031440734863,9.531312561035154,38.28921585082992,122.28146514892602,0.012744834987925946,0.0005366246310705661,0.0,-14.502665889223561,1.9410971231436758,-15.989506109125784,-9.064755398563653,7
fat_tail|support|trail20|168h|100bps,fat_tail,support,20,168,100,signals_and_alerts,46,-5.180637380351191,-6.57138466835022,-12.65910816192627,-8.798657417297363,-7.713468909263611,-6.57138466835022,-5.11658775806427,-3.5418299436569214,8.568270742893219,32.587033367156955,0.0,0.0,0.0,-6.113924937778049,0.9332875574268575,-7.158031197481377,-3.1597645759582518,6
fat_tail|support|trail20|168h|100bps,fat_tail,support,20,168,100,controls,8473,-4.014931203724297,-6.308324337005615,-20.25782127380371,-18.002026748657226,-12.462448120117188,-6.308324337005615,-2.076957941055298,12.253404235839845,25.695375061035154,72.76145904541018,0.0014162634249970496,0.0,0.0,-4.9373459955140415,0.9224147917897447,-5.559869654500556,-1.8890646593869285,6
fat_tail|support|trail20|168h|200bps,fat_tail,support,20,168,200,signals_and_alerts,46,-6.180637369985166,-7.57138466835022,-13.65910816192627,-9.798657417297363,-8.713468790054321,-7.57138466835022,-6.11658775806427,-4.541829943656921,7.568270742893219,31.587033367156955,0.0,0.0,0.0,-7.113924927181667,0.9332875571965014,-8.158031197481376,-4.159764575958252,6
fat_tail|support|trail20|168h|200bps,fat_tail,support,20,168,200,controls,8473,-5.014931201996368,-7.308324337005615,-21.25782127380371,-19.002026748657226,-13.462448120117188,-7.308324337005615,-3.076957941055298,11.253404235839845,24.695375061035154,71.76145904541018,0.001298241472913962,0.0,0.0,-5.937345993768603,0.9224147917722352,-6.559869654500556,-2.8890645558417836,6
fat_tail|support|trail20|168h|300bps,fat_tail,support,20,168,300,signals_and_alerts,46,-7.180637344070103,-8.57138442993164,-14.65910816192627,-10.798657417297363,-9.713468790054321,-8.57138442993164,-7.11658775806427,-5.541829824447632,6.568270742893219,30.587033367156955,0.0,0.0,0.0,-8.113924900690714,0.9332875566206109,-9.158031197481376,-5.159764575958252,6
fat_tail|support|trail20|168h|300bps,fat_tail,support,20,168,300,controls,8473,-6.01493120325722,-8.308323860168457,-22.25782127380371,-20.002026748657226,-14.462448120117188,-8.308323860168457,-4.076957702636719,10.253404235839845,23.695375061035154,70.76145904541018,0.0011802195208308745,0.0,0.0,-6.937345995042232,0.9224147917850125,-7.5598696539201535,-3.8890645181890036,6
fat_tail|support|trail20|24h|100bps,fat_tail,support,20,24,100,signals_and_alerts,54,-3.653290966353207,-5.691868305206299,-10.473546075820922,-8.573560810089111,-7.455369353294373,-5.691868305206299,-0.4084771550260484,2.129604482650758,7.808425450324975,29.81552391052246,0.0,0.0,0.0,-4.291034524487156,0.6377435581339488,-5.909021173204694,-1.7481676570156164,6
fat_tail|support|trail20|24h|100bps,fat_tail,support,20,24,100,controls,8654,-3.392542661736951,-5.655241966247559,-20.131089210510254,-17.79888172149658,-12.147775411605835,-5.655241966247559,-1.213180422782898,14.206692695617676,24.33896532058716,71.97859054565407,0.0013866420152530623,0.0,0.0,-4.307216093588553,0.9146734318516021,-5.050444458994139,-1.3515624114362907,7
fat_tail|support|trail20|24h|200bps,fat_tail,support,20,24,200,signals_and_alerts,54,-4.653290961903554,-6.691868305206299,-11.473546075820922,-9.573560810089111,-8.455369472503662,-6.691868305206299,-1.4084771424531937,1.1296043992042553,6.808425450324975,28.81552391052246,0.0,0.0,0.0,-5.291034519953548,0.6377435580499933,-6.909021173204694,-2.748167740671258,6
fat_tail|support|trail20|24h|200bps,fat_tail,support,20,24,200,controls,8654,-4.392542660050719,-6.655241966247559,-21.131089210510254,-18.79888172149658,-13.147775411605835,-6.655241966247559,-2.2131803035736084,13.206692695617676,23.33896532058716,70.97859054565407,0.0012710885139819736,0.0,0.0,-5.307216091885197,0.914673431834478,-6.050444458998625,-2.3515624114362907,7
fat_tail|support|trail20|24h|300bps,fat_tail,support,20,24,300,signals_and_alerts,54,-5.653290937620181,-7.691868305206299,-12.473546075820922,-10.573560810089111,-9.455369472503662,-7.691868305206299,-2.4084771871566772,0.1296044304966938,5.808425605297052,27.81552391052246,0.0,0.0,0.0,-6.291034495211997,0.6377435575918167,-7.909021173204694,-3.748167740671258,6
fat_tail|support|trail20|24h|300bps,fat_tail,support,20,24,300,controls,8654,-5.392542660178797,-7.655241966247559,-22.131089210510254,-19.79888172149658,-14.147775411605835,-7.655241966247559,-3.2131803035736084,12.206692695617676,22.33896532058716,69.97859054565407,0.0011555350127108851,0.0,0.0,-6.307216092014576,0.9146734318357792,-7.050444686897818,-3.3515623819150546,7
fat_tail|support|trail20|72h|100bps,fat_tail,support,20,72,100,signals_and_alerts,46,-5.180637380351191,-6.57138466835022,-12.65910816192627,-8.798657417297363,-7.713468909263611,-6.57138466835022,-5.11658775806427,-3.5418299436569214,8.568270742893219,32.587033367156955,0.0,0.0,0.0,-6.113924937778049,0.9332875574268575,-7.158031197481377,-3.1597645759582518,6
fat_tail|support|trail20|72h|100bps,fat_tail,support,20,72,100,controls,8517,-3.9947983447129873,-6.254247665405273,-20.25779151916504,-17.98152275085449,-12.39072322845459,-6.254247665405273,-1.987714409828186,12.098797035217288,25.493126678466755,72.65654785156259,0.0014089468122578373,0.0,0.0,-4.921408495664207,0.9266101509512197,-5.523182129373341,-1.8134531283219675,7
fat_tail|support|trail20|72h|200bps,fat_tail,support,20,72,200,signals_and_alerts,46,-6.180637369985166,-7.57138466835022,-13.65910816192627,-9.798657417297363,-8.713468790054321,-7.57138466835022,-6.11658775806427,-4.541829943656921,7.568270742893219,31.587033367156955,0.0,0.0,0.0,-7.113924927181667,0.9332875571965014,-8.158031197481376,-4.159764575958252,6
fat_tail|support|trail20|72h|200bps,fat_tail,support,20,72,200,controls,8517,-4.9947983430009835,-7.254247665405273,-21.25779151916504,-18.98152275085449,-13.39072322845459,-7.254247665405273,-2.9877145290374756,11.098797035217288,24.493126678466755,71.65654785156259,0.0012915345779030175,0.0,0.0,-5.92140849393474,0.9266101509337563,-6.523182077320367,-2.813452988092091,7
fat_tail|support|trail20|72h|300bps,fat_tail,support,20,72,300,signals_and_alerts,46,-7.180637344070103,-8.57138442993164,-14.65910816192627,-10.798657417297363,-9.713468790054321,-8.57138442993164,-7.11658775806427,-5.541829824447632,6.568270742893219,30.587033367156955,0.0,0.0,0.0,-8.113924900690714,0.9332875566206109,-9.158031197481376,-5.159764575958252,6
fat_tail|support|trail20|72h|300bps,fat_tail,support,20,72,300,controls,8517,-5.994798344255322,-8.254247665405273,-22.25779151916504,-19.98152275085449,-14.39072322845459,-8.254247665405273,-3.9877145290374756,10.098797035217288,23.493126678466755,70.65654785156259,0.0011741223435481978,0.0,0.0,-6.921408495201873,0.9266101509465505,-7.52318204997321,-3.813452988092091,7
fat_tail|support|trail30|168h|100bps,fat_tail,support,30,168,100,signals_and_alerts,44,-6.811488384550268,-6.822008848190308,-12.914166831970215,-8.860537147521972,-7.781277179718018,-6.822008848190308,-5.352823734283447,-4.75762791633606,-4.6574767351150514,10.57563627004624,0.0,0.0,0.0,-7.431259038836457,0.6197706542861896,-8.237960815429688,-5.20253595491735,6
fat_tail|support|trail30|168h|100bps,fat_tail,support,30,168,100,controls,7948,-6.612453474500322,-7.403984308242798,-27.42700548171997,-22.84860954284668,-14.941224336624146,-7.403984308242798,-2.97775399684906,5.210744333267219,27.95967998504638,67.3346105957031,0.0002516356316054353,0.0,0.0,-7.4428317408748805,0.8303782663745585,-7.643881443501237,-5.517399203431372,6
fat_tail|support|trail30|168h|200bps,fat_tail,support,30,168,200,signals_and_alerts,44,-7.81148837371306,-7.822008848190308,-13.914166831970215,-9.860537147521972,-8.781277179718018,-7.822008848190308,-6.352823734283447,-5.75762791633606,-5.6574767351150514,9.57563627004624,0.0,0.0,0.0,-8.43125902774722,0.6197706540341601,-9.237960815429688,-6.20253595491735,6
fat_tail|support|trail30|168h|200bps,fat_tail,support,30,168,200,controls,7948,-7.612453472400745,-8.403984546661377,-28.42700548171997,-23.84860954284668,-15.941224336624146,-8.403984546661377,-3.97775399684906,4.210744333267219,26.95967998504638,66.3346105957031,0.0002516356316054353,0.0,0.0,-8.442831738753956,0.8303782663532111,-8.643881443501236,-6.517399203431372,6
fat_tail|support|trail30|168h|300bps,fat_tail,support,30,168,300,signals_and_alerts,44,-8.811488352038644,-8.822008609771729,-14.914166831970215,-10.860537147521972,-9.781277179718018,-8.822008609771729,-7.352823734283447,-6.75762791633606,-6.6574767351150514,8.57563627004624,0.0,0.0,0.0,-9.431259005568748,0.6197706535301037,-10.237960815429688,-7.20253595491735,6
fat_tail|support|trail30|168h|300bps,fat_tail,support,30,168,300,controls,7948,-8.612453469499062,-9.403984546661377,-29.42700548171997,-24.84860954284668,-16.941225051879883,-9.403984546661377,-4.97775399684906,3.2107442617416453,25.95967998504638,65.3346105957031,0.0002516356316054353,0.0,0.0,-9.44283173582277,0.8303782663237076,-9.643881443501236,-7.517399203431372,6
fat_tail|support|trail30|24h|100bps,fat_tail,support,30,24,100,signals_and_alerts,54,-3.6007384208410427,-5.84941840171814,-10.473546075820922,-8.573560810089111,-7.480561971664429,-5.84941840171814,-0.4084771550260484,2.129604482650758,10.554714941978373,29.81552391052246,0.0,0.0,0.0,-4.237490421512498,0.6367520006714553,-5.909021173204694,-1.6485944547151263,6
fat_tail|support|trail30|24h|100bps,fat_tail,support,30,24,100,controls,8410,-5.155711421337658,-6.359206914901733,-26.890550518035887,-22.370636558532713,-14.128707885742188,-6.359206914901733,-1.8648209869861603,14.03319873809819,28.964574146270724,66.92475753784176,0.00023781212841854935,0.0,0.0,-5.969897121286716,0.814185699949058,-6.968026019718122,-3.627176134100252,7
fat_tail|support|trail30|24h|200bps,fat_tail,support,30,24,200,signals_and_alerts,54,-4.6007384163913905,-6.84941840171814,-11.473546075820922,-9.573560810089111,-8.480561971664429,-6.84941840171814,-1.4084771424531937,1.1296043992042553,9.554714941978373,28.81552391052246,0.0,0.0,0.0,-5.23749041697889,0.6367520005874994,-6.909021173204694,-2.64859452163964,6
fat_tail|support|trail30|24h|200bps,fat_tail,support,30,24,200,controls,8410,-6.155711419742962,-7.359206914901733,-27.890550518035887,-23.370636558532713,-15.128707885742188,-7.359206914901733,-2.8648210167884827,13.03319873809819,27.964574146270724,65.92475753784176,0.00023781212841854935,0.0,0.0,-6.969897119675738,0.8141856999327759,-7.968026017935035,-4.627176022362082,7
fat_tail|support|trail30|24h|300bps,fat_tail,support,30,24,300,signals_and_alerts,54,-5.600738396523176,-7.84941840171814,-12.473546075820922,-10.573560810089111,-9.480561971664429,-7.84941840171814,-2.4084771871566772,0.1296044304966938,8.55471509695045,27.81552391052246,0.0,0.0,0.0,-6.2374903967358035,0.6367520002126277,-7.909021173204694,-3.6485945049085116,6
fat_tail|support|trail30|24h|300bps,fat_tail,support,30,24,300,controls,8410,-7.155711416244231,-8.359207153320312,-28.890550518035887,-24.370636558532713,-16.128708839416504,-8.359207153320312,-3.8648210167884827,12.03319873809819,26.964574146270724,64.92475753784176,0.00023781212841854935,0.0,0.0,-7.969897116141285,0.8141856998970534,-8.968026013472906,-5.627175905891613,7
fat_tail|support|trail30|72h|100bps,fat_tail,support,30,72,100,signals_and_alerts,44,-6.811488384550268,-6.822008848190308,-12.914166831970215,-8.860537147521972,-7.781277179718018,-6.822008848190308,-5.352823734283447,-4.75762791633606,-4.6574767351150514,10.57563627004624,0.0,0.0,0.0,-7.431259038836457,0.6197706542861896,-8.237960815429688,-5.20253595491735,6
fat_tail|support|trail30|72h|100bps,fat_tail,support,30,72,100,controls,7985,-6.520345424945859,-7.2611589431762695,-27.268943405151365,-22.78548469543457,-14.831551551818848,-7.2611589431762695,-2.865396499633789,5.148689174652126,27.895435714721643,67.29837615966795,0.0002504696305572949,0.0,0.0,-7.345904888054102,0.8255594631082435,-7.474111230012039,-5.472656202476381,7
fat_tail|support|trail30|72h|200bps,fat_tail,support,30,72,200,signals_and_alerts,44,-7.81148837371306,-7.822008848190308,-13.914166831970215,-9.860537147521972,-8.781277179718018,-7.822008848190308,-6.352823734283447,-5.75762791633606,-5.6574767351150514,9.57563627004624,0.0,0.0,0.0,-8.43125902774722,0.6197706540341601,-9.237960815429688,-6.20253595491735,6
fat_tail|support|trail30|72h|200bps,fat_tail,support,30,72,200,controls,7985,-7.520345422973578,-8.26115894317627,-28.268943405151365,-23.78548469543457,-15.831551551818848,-8.26115894317627,-3.865396499633789,4.148689174652126,26.895435714721643,66.29837615966795,0.0002504696305572949,0.0,0.0,-8.345904886061861,0.8255594630882834,-8.47411123001204,-6.472656202813428,7
fat_tail|support|trail30|72h|300bps,fat_tail,support,30,72,300,signals_and_alerts,44,-8.811488352038644,-8.822008609771729,-14.914166831970215,-10.860537147521972,-9.781277179718018,-8.822008609771729,-7.352823734283447,-6.75762791633606,-6.6574767351150514,8.57563627004624,0.0,0.0,0.0,-9.431259005568748,0.6197706535301037,-10.237960815429688,-7.20253595491735,6
fat_tail|support|trail30|72h|300bps,fat_tail,support,30,72,300,controls,7985,-8.520345420093271,-9.26115894317627,-29.268943405151365,-24.78548469543457,-16.831552505493164,-9.26115894317627,-4.865396499633789,3.148689174652126,25.895435714721643,65.29837615966795,0.0002504696305572949,0.0,0.0,-9.345904883152407,0.8255594630591361,-9.47411123001204,-7.472656202813428,7
fat_tail|support|trail40|168h|100bps,fat_tail,support,40,168,100,signals_and_alerts,44,-7.203821659088135,-6.822008848190308,-12.914166831970215,-8.860537147521972,-7.781277179718018,-6.822008848190308,-5.352823734283447,-4.75762791633606,-4.6574767351150514,0.7359177446365368,0.0,0.0,0.0,-7.431259038836457,0.22743737974832268,-8.387892440097783,-5.988925377527873,6
fat_tail|support|trail40|168h|100bps,fat_tail,support,40,168,100,controls,7626,-7.799603561659967,-8.382984161376953,-33.173529624938965,-27.295620918273926,-16.946142196655273,-8.382984161376953,-3.5494558215141296,-1.1426645517349243,17.60652780532837,87.87642860412598,0.008916863362182009,0.0,0.0,-9.758169767341087,1.9585662056811204,-10.419059852199162,-4.801423328711417,6
fat_tail|support|trail40|168h|200bps,fat_tail,support,40,168,200,signals_and_alerts,44,-8.203821648250926,-7.822008848190308,-13.914166831970215,-9.860537147521972,-8.781277179718018,-7.822008848190308,-6.352823734283447,-5.75762791633606,-5.6574767351150514,-0.2640822553634632,0.0,0.0,0.0,-8.43125902774722,0.22743737949629406,-9.387892440097783,-6.988925377527873,6
fat_tail|support|trail40|168h|200bps,fat_tail,support,40,168,200,controls,7626,-8.799603558267833,-9.382984161376953,-34.173529624938965,-28.295620918273926,-17.946142196655273,-9.382984161376953,-4.549455881118774,-2.1426645517349243,16.60652780532837,86.87642860412598,0.008785733018620508,0.0,0.0,-10.758169763914353,1.9585662056465196,-11.419059852199162,-5.801423328711417,6
fat_tail|support|trail40|168h|300bps,fat_tail,support,40,168,300,signals_and_alerts,44,-9.203821626576511,-8.822008609771729,-14.914166831970215,-10.860537147521972,-9.781277179718018,-8.822008609771729,-7.352823734283447,-6.75762791633606,-6.6574767351150514,-1.2640822553634632,0.0,0.0,0.0,-9.431259005568748,0.22743737899223682,-10.387892440097783,-7.988925377527873,6
fat_tail|support|trail40|168h|300bps,fat_tail,support,40,168,300,controls,7626,-9.79960356082036,-10.382984161376953,-35.173529624938965,-29.295620918273926,-18.946142196655273,-10.382984161376953,-5.549455881118774,-3.1426645517349243,15.606528282165527,85.87642860412598,0.00865460267505901,0.0,0.0,-11.758169766492916,1.9585662056725557,-12.419060131110767,-6.801423328711417,6
fat_tail|support|trail40|24h|100bps,fat_tail,support,40,24,100,signals_and_alerts,54,-3.9204173852793045,-5.84941840171814,-10.473546075820922,-8.573560810089111,-7.480561971664429,-5.84941840171814,-0.4084771550260484,2.129604482650758,4.254340982437123,29.81552391052246,0.0,0.0,0.0,-4.5632010645250665,0.642783679245762,-6.065045776367188,-2.2543019746479236,6
fat_tail|support|trail40|24h|100bps,fat_tail,support,40,24,100,controls,8153,-5.723800407367949,-7.267639636993408,-32.48790817260742,-26.244126129150388,-15.969332695007324,-7.267639636993408,-2.4372894763946533,11.17187519073487,26.37644844055176,113.43025421142524,0.011774806819575616,0.0,0.0,-7.689360127781817,1.965559720413868,-8.99616362473207,-1.1108442158588323,7
fat_tail|support|trail40|24h|200bps,fat_tail,support,40,24,200,signals_and_alerts,54,-4.920417380829652,-6.84941840171814,-11.473546075820922,-9.573560810089111,-8.480561971664429,-6.84941840171814,-1.4084771424531937,1.1296043992042553,3.2543409824371223,28.81552391052246,0.0,0.0,0.0,-5.563201059991458,0.6427836791618065,-7.065045776367188,-3.254302041572437,6
fat_tail|support|trail40|24h|200bps,fat_tail,support,40,24,200,controls,8153,-6.723800405218314,-8.26763916015625,-33.48790817260742,-27.244126129150388,-16.969331741333008,-8.26763916015625,-3.4372894763946533,10.17187519073487,25.37644844055176,112.43025421142524,0.011652152581871704,0.0,0.0,-8.68936012561034,1.9655597203920268,-9.99616362473207,-2.1108441204174273,7
fat_tail|support|trail40|24h|300bps,fat_tail,support,40,24,300,signals_and_alerts,54,-5.920417360961437,-7.84941840171814,-12.473546075820922,-10.573560810089111,-9.480561971664429,-7.84941840171814,-2.4084771871566772,0.1296044304966938,2.254340988397587,27.81552391052246,0.0,0.0,0.0,-6.563201039748372,0.6427836787869348,-8.065045776367187,-4.254302041572437,6
fat_tail|support|trail40|24h|300bps,fat_tail,support,40,24,300,controls,8153,-7.723800407416811,-9.26763916015625,-34.48790817260742,-28.244126129150388,-17.969331741333008,-9.26763916015625,-4.437289714813232,9.17187519073487,24.37644844055176,111.43025421142524,0.011406844106463879,0.0,0.0,-9.689360127831176,1.9655597204143644,-10.996163570572891,-3.1108441049373408,7
fat_tail|support|trail40|72h|100bps,fat_tail,support,40,72,100,signals_and_alerts,44,-7.203821659088135,-6.822008848190308,-12.914166831970215,-8.860537147521972,-7.781277179718018,-6.822008848190308,-5.352823734283447,-4.75762791633606,-4.6574767351150514,0.7359177446365368,0.0,0.0,0.0,-7.431259038836457,0.22743737974832268,-8.387892440097783,-5.988925377527873,6
fat_tail|support|trail40|72h|100bps,fat_tail,support,40,72,100,controls,7705,-7.688289845231521,-8.266929626464844,-32.98099975585937,-27.091586303710937,-16.77328109741211,-8.266929626464844,-3.4268910884857178,-0.2946592867374266,17.079880523681574,86.86848754882814,0.00882543802725503,0.0,0.0,-9.63810264875313,1.949812803521608,-10.194104160518798,-4.471253459173012,7
fat_tail|support|trail40|72h|200bps,fat_tail,support,40,72,200,signals_and_alerts,44,-8.203821648250926,-7.822008848190308,-13.914166831970215,-9.860537147521972,-8.781277179718018,-7.822008848190308,-6.352823734283447,-5.75762791633606,-5.6574767351150514,-0.2640822553634632,0.0,0.0,0.0,-8.43125902774722,0.22743737949629406,-9.387892440097783,-6.988925377527873,6
fat_tail|support|trail40|72h|200bps,fat_tail,support,40,72,200,controls,7705,-8.688289841972798,-9.266929626464844,-33.98099975585937,-28.091586303710937,-17.77328109741211,-9.266929626464844,-4.426891326904297,-1.2946592807769621,16.079880523681574,85.86848754882814,0.008695652173913044,0.0,0.0,-10.638102645461082,1.9498128034882836,-11.194104162895188,-5.4712534934797565,7
fat_tail|support|trail40|72h|300bps,fat_tail,support,40,72,300,signals_and_alerts,44,-9.203821626576511,-8.822008609771729,-14.914166831970215,-10.860537147521972,-9.781277179718018,-8.822008609771729,-7.352823734283447,-6.75762791633606,-6.6574767351150514,-1.2640822553634632,0.0,0.0,0.0,-9.431259005568748,0.22743737899223682,-10.387892440097783,-7.988925377527873,6
fat_tail|support|trail40|72h|300bps,fat_tail,support,40,72,300,controls,7705,-9.688289844538318,-10.266929626464844,-34.98099975585937,-29.091586303710937,-18.77328109741211,-10.266929626464844,-5.426891326904297,-2.294659280776962,15.079880523681574,84.86848754882814,0.008565866320571058,0.0,0.0,-11.638102648052838,1.9498128035145204,-12.19410423260656,-6.471253527520558,7
ladder|atr2|trail40|168h|100bps,ladder,atr2,40,168,100,signals_and_alerts,57,-2.476072307218585,-4.015135288238525,-15.379643630981445,-8.892619800567624,-5.2594685554504395,-4.015135288238525,-2.8734920024871826,-2.472904586791992,-2.2129494667053233,78.63024993896484,0.0,0.0,0.0,-3.980343780347279,1.5042714731286941,-5.994469521374538,3.8561339548655917,6
ladder|atr2|trail40|168h|100bps,ladder,atr2,40,168,100,controls,9270,-6.191764075097657,-9.770240306854248,-29.753200340270993,-24.4102783203125,-17.38095188140869,-9.770240306854248,-4.379777193069458,-2.493525004386902,52.50936031341551,108.0418315124509,0.011434735706580367,0.00010787486515641856,0.0,-8.238082953822811,2.0463188787251543,-9.210000722234943,-2.7193302373746673,7
ladder|atr2|trail40|168h|200bps,ladder,atr2,40,168,200,signals_and_alerts,57,-3.476072298853021,-5.015135288238525,-16.379643630981445,-9.89261951446533,-6.2594685554504395,-5.015135288238525,-3.8734920024871826,-3.472904586791992,-3.2129494667053233,77.63024993896484,0.0,0.0,0.0,-4.98034377183233,1.5042714729793092,-6.994469449437897,2.8561339718954906,6
ladder|atr2|trail40|168h|200bps,ladder,atr2,40,168,200,controls,9270,-7.191764070352433,-10.770240306854248,-30.753200340270993,-25.4102783203125,-18.38095188140869,-10.770240306854248,-5.379777193069458,-3.493525004386902,51.50936031341551,107.0418315124509,0.011111111111111112,0.00010787486515641856,0.0,-9.238082949860859,2.0463188795084255,-10.21000078836395,-3.7193302957430374,7
ladder|atr2|trail40|168h|300bps,ladder,atr2,40,168,300,signals_and_alerts,57,-4.476072319766931,-6.015135288238525,-17.3796443939209,-10.89261951446533,-7.2594685554504395,-6.015135288238525,-4.8734917640686035,-4.472904682159424,-4.212949657440187,76.63024993896484,0.0,0.0,0.0,-5.980343793119703,1.5042714733527713,-7.994469449437897,1.8561339718954903,6
ladder|atr2|trail40|168h|300bps,ladder,atr2,40,168,300,controls,9270,-8.191764068243444,-11.770240306854248,-31.753200340270993,-26.4102783203125,-19.38095188140869,-11.770240306854248,-6.379777193069458,-4.493524980545044,50.50936031341551,106.0418315124509,0.010787486515641856,0.00010787486515641856,0.0,-10.238082948561859,2.046318880318415,-11.210000790463281,-4.7193302827722885,7
ladder|atr2|trail40|24h|100bps,ladder,atr2,40,24,100,signals_and_alerts,65,-0.9243424308128082,-3.3400044441223145,-14.066884613037109,-7.1354172706604,-4.958332538604736,-3.3400044441223145,-2.4934563636779785,1.569818234443665,24.327900028228687,78.18269561767578,0.0,0.0,0.0,-2.216334190481575,1.291991759668767,-5.038180054558648,4.148153291621679,6
ladder|atr2|trail40|24h|100bps,ladder,atr2,40,24,100,controls,9600,-4.965128531605333,-9.152132987976074,-29.350589656829833,-24.155834197998047,-16.998069286346436,-9.152132987976074,-3.575522303581238,5.669850730896,50.735225677490234,115.07034217834475,0.013854166666666667,0.00010416666666666667,0.0,-6.993844864896581,2.028716333291248,-8.628886522051477,-0.9029782897250377,7
ladder|atr2|trail40|24h|200bps,ladder,atr2,40,24,200,signals_and_alerts,65,-1.9243424225312014,-4.3400044441223145,-15.066884613037109,-8.135416984558105,-5.958332538604736,-4.3400044441223145,-3.4934563636779785,0.5698181867599492,23.327900028228687,77.18269561767578,0.0,0.0,0.0,-3.216334182070568,1.2919917595393668,-6.03817999098036,3.148153305053711,6
ladder|atr2|trail40|24h|200bps,ladder,atr2,40,24,200,controls,9600,-5.965128528010391,-10.152132987976074,-30.350589656829833,-25.155834197998047,-17.998069286346436,-10.152132987976074,-4.575522303581238,4.669850730896,49.735225677490234,114.07034217834475,0.013541666666666667,0.00010416666666666667,0.0,-7.993844861265328,2.0287163332549367,-9.62888651427452,-1.9029783812774617,7
ladder|atr2|trail40|24h|300bps,ladder,atr2,40,24,300,signals_and_alerts,65,-2.9243424369738653,-5.3400044441223145,-16.06688537597656,-9.135416984558105,-6.958332538604736,-5.3400044441223145,-4.4934563636779785,-0.4301818251609797,22.327900004386827,76.18269561767578,0.0,0.0,0.0,-4.216334196738899,1.2919917597650334,-7.03817999098036,2.148153305053711,6
ladder|atr2|trail40|24h|300bps,ladder,atr2,40,24,300,controls,9600,-6.965128529031657,-11.152132987976074,-31.350589656829833,-26.155834197998047,-18.998069286346436,-11.152132987976074,-5.575522303581238,3.6698509454727213,48.735225677490234,113.07034217834475,0.013125,0.00010416666666666667,0.0,-8.993844862296909,2.028716333265252,-10.628886467612777,-2.902978384473471,7
ladder|atr2|trail40|72h|100bps,ladder,atr2,40,72,100,signals_and_alerts,57,-2.476072307218585,-4.015135288238525,-15.379643630981445,-8.892619800567624,-5.2594685554504395,-4.015135288238525,-2.8734920024871826,-2.472904586791992,-2.2129494667053233,78.63024993896484,0.0,0.0,0.0,-3.980343780347279,1.5042714731286941,-5.994469521374538,3.8561339548655917,6
ladder|atr2|trail40|72h|100bps,ladder,atr2,40,72,100,controls,9318,-6.069756720039972,-9.692458629608154,-29.71657838821411,-24.4102783203125,-17.344720363616943,-9.692458629608154,-4.281558990478516,-2.3532870054244994,52.076154136657614,109.03906684875487,0.011805108392358874,0.0001073191672032625,0.0,-8.118654826673755,2.048898106633783,-9.060759741689884,-2.705996519978965,7
ladder|atr2|trail40|72h|200bps,ladder,atr2,40,72,200,signals_and_alerts,57,-3.476072298853021,-5.015135288238525,-16.379643630981445,-9.89261951446533,-6.2594685554504395,-5.015135288238525,-3.8734920024871826,-3.472904586791992,-3.2129494667053233,77.63024993896484,0.0,0.0,0.0,-4.98034377183233,1.5042714729793092,-6.994469449437897,2.8561339718954906,6
ladder|atr2|trail40|72h|200bps,ladder,atr2,40,72,200,controls,9318,-7.069756715371965,-10.692458629608154,-30.71657838821411,-25.4102783203125,-18.344720363616943,-10.692458629608154,-5.281558990478516,-3.3532870054244994,51.076154136657614,108.03906684875487,0.011483150890749088,0.0001073191672032625,0.0,-9.1186548227853,2.0488981074133354,-10.060759739139778,-3.7059965403957853,7
ladder|atr2|trail40|72h|300bps,ladder,atr2,40,72,300,signals_and_alerts,57,-4.476072319766931,-6.015135288238525,-17.3796443939209,-10.89261951446533,-7.2594685554504395,-6.015135288238525,-4.8734917640686035,-4.472904682159424,-4.212949657440187,76.63024993896484,0.0,0.0,0.0,-5.980343793119703,1.5042714733527713,-7.994469449437897,1.8561339718954903,6
ladder|atr2|trail40|72h|300bps,ladder,atr2,40,72,300,controls,9318,-8.069756713114323,-11.692458629608154,-31.71657838821411,-26.4102783203125,-19.344720363616943,-11.692458629608154,-6.281558990478516,-4.353287076950073,50.076154136657614,107.03906684875487,0.0111611933891393,0.0001073191672032625,0.0,-10.118654821331775,2.048898108217452,-11.06075974423999,-4.705996521835039,7
ladder|fixed10|trail40|168h|100bps,ladder,fixed10,40,168,100,signals_and_alerts,31,-6.301543205015121,-11.0,-20.021718978881836,-13.296754837036133,-11.0,-11.0,-11.0,-11.0,32.5843505859375,80.0848014831543,0.0,0.0,0.0,-9.237032318115235,2.9354891131001137,-12.900837638161399,6.16482667000063,6
ladder|fixed10|trail40|168h|100bps,ladder,fixed10,40,168,100,controls,8309,-8.237801396985937,-11.0,-11.0,-11.0,-11.0,-11.0,-11.0,-11.0,-11.0,80.04056213378907,0.005175111325069202,0.0,0.0,-9.561730540545154,1.3239291435592175,-9.647089314700214,-6.314492723970682,6
ladder|fixed10|trail40|168h|200bps,ladder,fixed10,40,168,200,signals_and_alerts,31,-7.301543205015121,-12.0,-21.021718978881836,-14.296754837036133,-12.0,-12.0,-12.0,-12.0,31.5843505859375,79.0848014831543,0.0,0.0,0.0,-10.237032318115235,2.9354891131001137,-13.900837638161399,5.16482667000063,6
ladder|fixed10|trail40|168h|200bps,ladder,fixed10,40,168,200,controls,8309,-9.237801395379073,-12.0,-12.0,-12.0,-12.0,-12.0,-12.0,-12.0,-12.0,79.04056213378907,0.004814057046576002,0.0,0.0,-10.561730539849464,1.323929144470391,-10.647089314700214,-7.314492888438218,6
ladder|fixed10|trail40|168h|300bps,ladder,fixed10,40,168,300,signals_and_alerts,31,-8.30154320501512,-13.0,-22.021718978881836,-15.296754837036133,-13.0,-13.0,-13.0,-13.0,30.5843505859375,78.0848014831543,0.0,0.0,0.0,-11.237032318115235,2.9354891131001146,-14.900837638161399,4.16482667000063,6
ladder|fixed10|trail40|168h|300bps,ladder,fixed10,40,168,300,controls,8309,-10.237801395379073,-13.0,-13.0,-13.0,-13.0,-13.0,-13.0,-13.0,-13.0,78.04056213378907,0.004573354194247202,0.0,0.0,-11.56173054077705,1.3239291453979778,-11.647089314700214,-8.314492888438217,6
ladder|fixed10|trail40|24h|100bps,ladder,fixed10,40,24,100,signals_and_alerts,48,-1.9866795034225408,-11.0,-16.79967670440674,-11.0,-11.0,-11.0,1.1613312363624573,4.154238510131845,29.92814064025879,79.13374855041505,0.0,0.0,0.0,-3.7685903479206435,1.7819108444981027,-8.60059445699056,4.618183004445043,6
ladder|fixed10|trail40|24h|100bps,ladder,fixed10,40,24,100,controls,9108,-6.064918957495377,-11.0,-11.0,-11.0,-11.0,-11.0,-11.0,2.5956778287888085,21.85704135894775,83.50291900634767,0.007905138339920948,0.0,0.0,-7.45554219340852,1.390623235913143,-8.599829735846242,-3.3227200131765904,7
ladder|fixed10|trail40|24h|200bps,ladder,fixed10,40,24,200,signals_and_alerts,48,-2.9866795083507895,-12.0,-17.79967670440674,-12.0,-12.0,-12.0,0.16133122518658638,3.1542385101318446,28.92814064025879,78.13374855041505,0.0,0.0,0.0,-4.768590352953749,1.781910844602959,-9.60059445699056,3.618183004445043,6
ladder|fixed10|trail40|24h|200bps,ladder,fixed10,40,24,200,controls,9108,-7.0649189564420025,-12.0,-12.0,-12.0,-12.0,-12.0,-12.0,1.595677912235311,20.85704135894775,82.50291900634767,0.007685551163812033,0.0,0.0,-8.455542192344396,1.3906232359023933,-9.59982973649297,-4.322720013390731,7
ladder|fixed10|trail40|24h|300bps,ladder,fixed10,40,24,300,signals_and_alerts,48,-3.98667950485833,-13.0,-18.79967670440674,-13.0,-13.0,-13.0,-0.8386687785387039,2.1542384982109155,27.92814064025879,77.13374855041505,0.0,0.0,0.0,-5.768590349386981,1.7819108445286513,-10.60059445699056,2.618183004445043,6
ladder|fixed10|trail40|24h|300bps,ladder,fixed10,40,24,300,controls,9108,-8.064918956616895,-13.0,-13.0,-13.0,-13.0,-13.0,-13.0,0.5956778943539176,19.85704135894775,81.50291900634767,0.007356170399648661,0.0,0.0,-9.455542192521072,1.3906232359041777,-10.599829735199515,-5.32272001296245,7
ladder|fixed10|trail40|72h|100bps,ladder,fixed10,40,72,100,signals_and_alerts,34,-5.714119592133691,-11.0,-19.62096290588379,-12.607728385925292,-11.0,-11.0,-11.0,0.2936275720596292,27.7458104193209,79.91696861267091,0.0,0.0,0.0,-8.364945343046477,2.6508257509127864,-12.834055407293912,5.446996274201767,6
ladder|fixed10|trail40|72h|100bps,ladder,fixed10,40,72,100,controls,8625,-7.878635521096488,-11.0,-11.0,-11.0,-11.0,-11.0,-11.0,-11.0,1.787271404266349,79.64523406982423,0.0049855072463768114,0.0,0.0,-9.18130055493229,1.3026650338358028,-9.067466432591884,-6.105545188435543,7
ladder|fixed10|trail40|72h|200bps,ladder,fixed10,40,72,200,signals_and_alerts,34,-6.714119594763307,-12.0,-20.62096290588379,-13.607728385925292,-12.0,-12.0,-12.0,-0.7063724488019965,26.745810380577883,78.91696861267091,0.0,0.0,0.0,-9.36494534575578,2.650825750992473,-13.834055407293912,4.446996274201767,6
ladder|fixed10|trail40|72h|200bps,ladder,fixed10,40,72,200,controls,8625,-8.878635519617925,-12.0,-12.0,-12.0,-12.0,-12.0,-12.0,-12.0,0.78727139234542,78.64523406982423,0.00463768115942029,0.0,0.0,-10.181300554332243,1.3026650347143178,-10.067466433871411,-7.105545255593489,7
ladder|fixed10|trail40|72h|300bps,ladder,fixed10,40,72,300,signals_and_alerts,34,-7.714119594763307,-13.0,-21.62096290588379,-14.607728385925292,-13.0,-13.0,-13.0,-1.7063724696636222,25.74581039994939,77.91696861267091,0.0,0.0,0.0,-10.36494534575578,2.650825750992473,-14.834055407293912,3.446996274201766,6
ladder|fixed10|trail40|72h|300bps,ladder,fixed10,40,72,300,controls,8625,-9.878635519381504,-13.0,-13.0,-13.0,-13.0,-13.0,-13.0,-13.0,-0.2127286046743478,77.64523406982423,0.0044057971014492756,0.0,0.0,-11.181300554986993,1.3026650356054894,-11.067466433871411,-8.105545255593489,7
ladder|fixed20|trail40|168h|100bps,ladder,fixed20,40,168,100,signals_and_alerts,20,-11.249361801147462,-21.0,-21.78788995742798,-21.38401699066162,-21.0,-21.0,-21.0,-11.283129882812363,76.44842262268067,80.70018867492675,0.0,0.0,0.0,-16.14475611636513,4.895394315217668,-21.63357896071214,6.068111072887074,5
ladder|fixed20|trail40|168h|100bps,ladder,fixed20,40,168,100,controls,6740,-11.156792986216107,-21.0,-21.0,-21.0,-21.0,-21.0,-21.0,42.19307250976571,68.03150520324705,124.4300765991211,0.015578635014836795,0.0001483679525222552,0.0,-13.053725448965329,1.8969324627492217,-16.29882118041838,-4.8847938603111585,6
ladder|fixed20|trail40|168h|200bps,ladder,fixed20,40,168,200,signals_and_alerts,20,-12.249361801147462,-22.0,-22.78788995742798,-22.38401699066162,-22.0,-22.0,-22.0,-12.283129882812363,75.44842262268067,79.70018867492675,0.0,0.0,0.0,-17.14475611636513,4.895394315217668,-22.63357896071214,5.068111072887074,5
ladder|fixed20|trail40|168h|200bps,ladder,fixed20,40,168,200,controls,6740,-12.156792983386213,-22.0,-22.0,-22.0,-22.0,-22.0,-22.0,41.19307250976571,67.03150520324705,123.4300765991211,0.015133531157270029,0.0001483679525222552,0.0,-14.053725447249317,1.896932463863104,-17.29882118041838,-5.8847938603111585,6
ladder|fixed20|trail40|168h|300bps,ladder,fixed20,40,168,300,signals_and_alerts,20,-13.249361801147462,-23.0,-23.78788995742798,-23.38401699066162,-23.0,-23.0,-23.0,-13.283129882812363,74.44842262268067,78.70018867492675,0.0,0.0,0.0,-18.14475611636513,4.895394315217668,-23.63357896071214,4.068111072887074,5
ladder|fixed20|trail40|168h|300bps,ladder,fixed20,40,168,300,controls,6740,-13.156792983103223,-23.0,-23.0,-23.0,-23.0,-23.0,-23.0,40.19307250976571,66.03150520324705,122.4300765991211,0.014688427299703264,0.0001483679525222552,0.0,-15.053725448107322,1.8969324650040988,-18.29882118041838,-6.884793831723263,6
ladder|fixed20|trail40|24h|100bps,ladder,fixed20,40,24,100,signals_and_alerts,36,-1.249294557970845,-1.265875675715506,-21.089393138885498,-21.0,-21.0,-1.265875675715506,1.7554112374782562,17.53857111930847,41.65251350402832,79.80508003234863,0.0,0.0,0.0,-3.621078122141106,2.371783564170261,-10.16433302561442,9.115954685211182,5
ladder|fixed20|trail40|24h|100bps,ladder,fixed20,40,24,100,controls,8029,-6.96218387949715,-21.0,-21.0,-21.0,-21.0,-21.0,-3.4517412185668945,33.49531326293939,59.6097412109375,124.4300765991211,0.02005231037489102,0.00012454851164528583,0.0,-8.744414205165409,1.7822303256682588,-13.972314416199241,0.2464597493991811,7
ladder|fixed20|trail40|24h|200bps,ladder,fixed20,40,24,200,signals_and_alerts,36,-2.2492945645418434,-2.265875667333603,-22.089393138885498,-22.0,-22.0,-2.265875667333603,0.7554111927747726,16.53857111930847,40.65251350402832,78.80508003234863,0.0,0.0,0.0,-4.621078128899847,2.3717835643580036,-11.16433302561442,8.115954685211182,5
ladder|fixed20|trail40|24h|200bps,ladder,fixed20,40,24,200,controls,8029,-7.962183878869197,-22.0,-22.0,-22.0,-22.0,-22.0,-4.4517412185668945,32.49531326293939,58.6097412109375,123.4300765991211,0.019678664839955163,0.00012454851164528583,0.0,-9.744414204530896,1.7822303256616987,-14.972314416210908,-0.7535402511084773,7
ladder|fixed20|trail40|24h|300bps,ladder,fixed20,40,24,300,signals_and_alerts,36,-3.2492945598852305,-3.2658756971359253,-23.089393138885498,-23.0,-23.0,-3.2658756971359253,-0.24458880722522736,15.538571238517761,39.65251350402832,77.80508003234863,0.0,0.0,0.0,-5.621078124110188,2.371783564224957,-12.16433302561442,7.11595401763916,5
ladder|fixed20|trail40|24h|300bps,ladder,fixed20,40,24,300,controls,8029,-8.962183878648155,-23.0,-23.0,-23.0,-23.0,-23.0,-5.4517412185668945,31.4953147888183,57.6097412109375,122.4300765991211,0.018931373770083446,0.00012454851164528583,0.0,-10.744414204307546,1.7822303256593912,-15.972314671839529,-1.7535405675583584,7
ladder|fixed20|trail40|72h|100bps,ladder,fixed20,40,72,100,signals_and_alerts,23,-9.735628817392433,-21.0,-21.595572471618652,-21.286058044433595,-21.0,-21.0,-21.0,1.574996662139893,68.71902567148199,80.53235580444337,0.0,0.0,0.0,-13.89466331763701,4.1590345002445765,-21.63357896071214,5.124972839355468,5
ladder|fixed20|trail40|72h|100bps,ladder,fixed20,40,72,100,controls,7200,-10.27766221668248,-21.0,-21.0,-21.0,-21.0,-21.0,-21.0,39.50826721191406,65.80902709960932,123.04168884277358,0.014583333333333334,0.0001388888888888889,0.0,-12.062477797764096,1.7848155810816166,-15.017836430561157,-4.233841167392965,7
ladder|fixed20|trail40|72h|200bps,ladder,fixed20,40,72,200,signals_and_alerts,23,-10.735628821279692,-22.0,-22.595572471618652,-22.286058044433595,-22.0,-22.0,-22.0,0.5749966084957127,67.71902566552151,79.53235580444337,0.0,0.0,0.0,-14.894663321700962,4.159034500421271,-22.63357896071214,4.124972839355468,5
ladder|fixed20|trail40|72h|200bps,ladder,fixed20,40,72,200,controls,7200,-11.277662214145012,-22.0,-22.0,-22.0,-22.0,-22.0,-22.0,38.50826721191406,64.80902709960932,122.04168884277358,0.014166666666666666,0.0001388888888888889,0.0,-13.062477796271342,1.7848155821263294,-16.01783638875985,-5.233841141833153,7
ladder|fixed20|trail40|72h|300bps,ladder,fixed20,40,72,300,signals_and_alerts,23,-11.735628821279692,-23.0,-23.595572471618652,-23.286058044433595,-23.0,-23.0,-23.0,-0.425003373622894,66.71902566850174,78.53235580444337,0.0,0.0,0.0,-15.894663321700962,4.159034500421271,-23.63357896071214,3.1249728393554688,5
ladder|fixed20|trail40|72h|300bps,ladder,fixed20,40,72,300,controls,7200,-12.277662213517727,-23.0,-23.0,-23.0,-23.0,-23.0,-23.0,37.50826721191406,63.80902328491206,121.04168884277358,0.01375,0.0001388888888888889,0.0,-14.062477796708063,1.7848155831903352,-17.01783638875985,-6.2338411150163004,7
ladder|support|trail40|168h|100bps,ladder,support,40,168,100,signals_and_alerts,44,-7.463280000469902,-6.842577695846558,-12.914166831970215,-8.919404125213623,-7.986018657684326,-6.842577695846558,-5.392857789993286,-4.833697271347045,-4.730012249946594,-2.968375942707061,0.0,0.0,0.0,-7.597234371096589,0.1339543706266877,-8.539749070709826,-6.257812406958603,6
ladder|support|trail40|168h|100bps,ladder,support,40,168,100,controls,7308,-7.96619496552032,-8.53597116470337,-48.648402786254884,-35.99395141601562,-18.35083532333374,-8.53597116470337,-3.6321406960487366,-1.2135563611984252,51.42119636535644,109.35088272094735,0.012315270935960592,0.0,0.0,-9.938215275726366,1.9720203102060454,-14.273863580429218,-2.515214740329583,6
ladder|support|trail40|168h|200bps,ladder,support,40,168,200,signals_and_alerts,44,-8.463279989632694,-7.842577695846558,-13.914166831970215,-9.919404125213623,-8.986018657684326,-7.842577695846558,-6.392857789993286,-5.833697271347045,-5.730012249946594,-3.968375942707061,0.0,0.0,0.0,-8.597234360007352,0.13395437037465818,-9.539749070709826,-7.257812406958603,6
ladder|support|trail40|168h|200bps,ladder,support,40,168,200,controls,7308,-8.966194957576297,-9.53597116470337,-49.648402786254884,-36.99395141601562,-19.35083532333374,-9.53597116470337,-4.632140755653381,-2.2135562419891355,50.42119636535644,108.35088272094735,0.011904761904761904,0.0,0.0,-10.938215269810394,1.972020312234097,-15.273863580429218,-3.515214740329583,6
ladder|support|trail40|168h|300bps,ladder,support,40,168,300,signals_and_alerts,44,-9.463279967958277,-8.842577457427979,-14.914166831970215,-10.919404125213623,-9.986018657684326,-8.842577457427979,-7.392857789993286,-6.833697271347045,-6.730012249946594,-4.968375942707061,0.0,0.0,0.0,-9.59723433782888,0.13395436987060272,-10.539748995911841,-8.257812406958603,6
ladder|support|trail40|168h|300bps,ladder,support,40,168,300,controls,7308,-9.966194954705356,-10.53597116470337,-50.648402786254884,-37.99395141601562,-20.35083532333374,-10.53597116470337,-5.632140755653381,-3.2135562419891355,49.42119636535644,107.35088272094735,0.01176792556102901,0.0,0.0,-11.938215267964743,1.972020313259387,-16.273863580429218,-4.515214747458748,6
ladder|support|trail40|24h|100bps,ladder,support,40,24,100,signals_and_alerts,54,-3.9362011830908834,-5.84941840171814,-10.473546075820922,-8.573560810089111,-7.480561971664429,-5.84941840171814,-0.4084771550260484,1.8125624060630803,4.254340982437123,29.81552391052246,0.0,0.0,0.0,-4.579282669842525,0.6430814867516412,-6.08209228515625,-2.286356416488004,6
ladder|support|trail40|24h|100bps,ladder,support,40,24,100,controls,7954,-5.902422652531062,-7.239932060241699,-46.58956432342529,-33.51389579772949,-17.212136268615723,-7.239932060241699,-2.3757469058036804,19.25674610137939,50.162212562561,118.44407806396491,0.01747548403319085,0.0,0.0,-7.873739951884346,1.9713172993532844,-11.162846332374356,1.0504941900581533,7
ladder|support|trail40|24h|200bps,ladder,support,40,24,200,signals_and_alerts,54,-4.93620117974502,-6.84941840171814,-11.473546075820922,-9.573560810089111,-8.480561971664429,-6.84941840171814,-1.4084771424531937,0.8125623881816868,3.2543409824371223,28.81552391052246,0.0,0.0,0.0,-5.579282666433532,0.6430814866885122,-7.08209228515625,-3.2863565081449035,6
ladder|support|trail40|24h|200bps,ladder,support,40,24,200,controls,7954,-6.902422648332456,-8.2399320602417,-47.58956432342529,-34.51389579772949,-18.212136268615723,-8.2399320602417,-3.3757469058036804,18.25674610137939,49.162212562561,117.44407806396491,0.017224038219763642,0.0,0.0,-8.873739947643081,1.9713172993106252,-12.162846182358411,0.05049431693333569,7
ladder|support|trail40|24h|300bps,ladder,support,40,24,300,signals_and_alerts,54,-5.936201159876806,-7.84941840171814,-12.473546075820922,-10.573560810089111,-9.480561971664429,-7.84941840171814,-2.4084771871566772,-0.18743761181831325,2.254340988397587,27.81552391052246,0.0,0.0,0.0,-6.579282646190445,0.6430814863136396,-8.08209228515625,-4.2863565081449035,6
ladder|support|trail40|24h|300bps,ladder,support,40,24,300,controls,7954,-7.902422646626841,-9.2399320602417,-48.58956432342529,-35.51389579772949,-19.212136268615723,-9.2399320602417,-4.375746726989746,17.25674610137939,48.162212562561,116.44407806396491,0.016721146592909228,0.0,0.0,-9.873739945920137,1.9713172992932968,-13.162846181771265,-0.9495056825700883,7
ladder|support|trail40|72h|100bps,ladder,support,40,72,100,signals_and_alerts,44,-7.463280000469902,-6.842577695846558,-12.914166831970215,-8.919404125213623,-7.986018657684326,-6.842577695846558,-5.392857789993286,-4.833697271347045,-4.730012249946594,-2.968375942707061,0.0,0.0,0.0,-7.597234371096589,0.1339543706266877,-8.539749070709826,-6.257812406958603,6
ladder|support|trail40|72h|100bps,ladder,support,40,72,100,controls,7408,-7.503425903352818,-8.357338428497314,-48.33544921874999,-35.83746337890625,-18.161202430725098,-8.357338428497314,-3.473749101161957,-1.0187049031257622,54.201850891113196,110.28729637146006,0.012823974082073435,0.0,0.0,-9.461984745829945,1.9585588424771263,-13.857007489808922,-1.7399341104505592,7
ladder|support|trail40|72h|200bps,ladder,support,40,72,200,signals_and_alerts,44,-8.463279989632694,-7.842577695846558,-13.914166831970215,-9.919404125213623,-8.986018657684326,-7.842577695846558,-6.392857789993286,-5.833697271347045,-5.730012249946594,-3.968375942707061,0.0,0.0,0.0,-8.597234360007352,0.13395437037465818,-9.539749070709826,-7.257812406958603,6
ladder|support|trail40|72h|200bps,ladder,support,40,72,200,controls,7408,-8.503425895051375,-9.357338428497314,-49.33544921874999,-36.83746337890625,-19.161202430725098,-9.357338428497314,-4.4737489223480225,-2.018704938888549,53.201850891113196,109.28729637146006,0.012419006479481642,0.0,0.0,-10.461984739524434,1.9585588444730586,-14.857007490076047,-2.7399341110929254,7
ladder|support|trail40|72h|300bps,ladder,support,40,72,300,signals_and_alerts,44,-9.463279967958277,-8.842577457427979,-14.914166831970215,-10.919404125213623,-9.986018657684326,-8.842577457427979,-7.392857789993286,-6.833697271347045,-6.730012249946594,-4.968375942707061,0.0,0.0,0.0,-9.59723433782888,0.13395436987060272,-10.539748995911841,-8.257812406958603,6
ladder|support|trail40|72h|300bps,ladder,support,40,72,300,controls,7408,-9.503425891487508,-10.357338428497314,-50.33544921874999,-37.83746337890625,-20.161202430725098,-10.357338428497314,-5.4737489223480225,-3.018704938888549,52.201850891113196,108.28729637146006,0.01228401727861771,0.0,0.0,-11.461984736964535,1.958558845477027,-15.857007490076047,-3.739934036205166,7
