family,rule_id,matched_pair_days,signal_mean,control_mean,difference,ci_low,ci_high,day_blocks,avoided_loss_per_100_stakes,avoided_loss_per_100_buys_at_100_usd
established,half_runner|tp5|support|24h|100bps,36,-2.6502102870080204,-2.09409862715337,-0.556111641228199,-1.2943837253583803,0.7521967964787637,6,0.556111641228199,55.6111641228199
established,half_runner|tp5|support|24h|200bps,36,-3.6502103126711316,-3.094098636880517,-0.5561116577850448,-1.2943837717175484,0.7521969156880532,6,0.5561116577850448,55.61116577850448
established,half_runner|tp5|support|24h|300bps,36,-4.650210312671131,-4.0940985836140396,-0.5561117082834244,-1.2943838354614046,0.752196854160678,6,0.5561117082834244,55.61117082834244
fat_tail,fat_tail|atr2|trail20|168h|100bps,42,-2.869010119211106,-3.8995401007788524,1.0305300042742775,0.06556415557861328,1.7251166829041071,6,-1.0305300042742775,-103.05300042742775
fat_tail,fat_tail|atr2|trail20|168h|200bps,42,-3.869010119211106,-4.899540184154397,1.0305300440107072,0.06556423934730324,1.725116674389158,6,-1.0305300440107072,-103.05300440107072
fat_tail,fat_tail|atr2|trail20|168h|300bps,42,-4.86901010785784,-5.899540136257808,1.0305300099509103,0.06556412980363176,1.7251167382512773,6,-1.0305300099509103,-103.05300099509103
fat_tail,fat_tail|atr2|trail20|24h|100bps,42,-2.689199846415293,-3.4373535755134763,0.7481537546430316,-0.5239663198590279,1.7358865420338172,6,-0.7481537546430316,-74.81537546430316
fat_tail,fat_tail|atr2|trail20|24h|200bps,42,-3.689199835062027,-4.437353664210865,0.7481538369542077,-0.5239662639796734,1.7358866586035147,6,-0.7481538369542077,-74.81538369542076
fat_tail,fat_tail|atr2|trail20|24h|300bps,42,-4.689199833642869,-5.437353681950342,0.7481538426308405,-0.5239662975072861,1.735886618185313,6,-0.7481538426308405,-74.81538426308406
fat_tail,fat_tail|atr2|trail20|72h|100bps,42,-2.869010119211106,-3.8913320359729586,1.0223219394683838,0.0376123673207051,1.7251166829041071,6,-1.0223219394683838,-102.23219394683838
fat_tail,fat_tail|atr2|trail20|72h|200bps,42,-3.869010119211106,-4.89133211367187,1.0223219735281808,0.03761243175815891,1.725116674389158,6,-1.0223219735281808,-102.23219735281808
fat_tail,fat_tail|atr2|trail20|72h|300bps,42,-4.86901010785784,-5.891332065775281,1.0223219394683838,0.03761232221448744,1.7251167382512773,6,-1.0223219394683838,-102.23219394683838
fat_tail,fat_tail|atr2|trail30|168h|100bps,40,-4.136097592115402,-5.161558818817139,1.0254612267017365,-0.1547583262125651,1.8646270275115966,6,-1.0254612267017365,-102.54612267017365
fat_tail,fat_tail|atr2|trail30|168h|200bps,40,-5.136097592115402,-6.1615587830543515,1.0254611909389495,-0.15475841363271078,1.8646271024431502,6,-1.0254611909389495,-102.54611909389494
fat_tail,fat_tail|atr2|trail30|168h|300bps,40,-6.136097609996796,-7.161558672785759,1.0254610657691956,-0.15475853284200033,1.8646268708365303,6,-1.0254610657691956,-102.54610657691956
fat_tail,fat_tail|atr2|trail30|24h|100bps,42,-2.229949174892335,-3.6259794533252716,1.3960302557264055,-0.288228769560118,2.717275215557643,6,-1.3960302557264055,-139.60302557264055
fat_tail,fat_tail|atr2|trail30|24h|200bps,42,-3.229949163539069,-4.625979471064749,1.3960302812712533,-0.2882288017788449,2.7172752391440524,6,-1.3960302812712533,-139.60302812712533
fat_tail,fat_tail|atr2|trail30|24h|300bps,42,-4.229949190503075,-5.625979398066799,1.396030184768495,-0.2882288726600441,2.7172751832859854,6,-1.396030184768495,-139.6030184768495
fat_tail,fat_tail|atr2|trail30|72h|100bps,40,-4.136097592115402,-5.1161351025104524,0.98003751039505,-0.21532328128814698,1.8584400980096114,6,-0.98003751039505,-98.003751039505
fat_tail,fat_tail|atr2|trail30|72h|200bps,40,-5.136097592115402,-6.116135084629059,0.9800374925136566,-0.21532334486643473,1.8584401021923935,6,-0.9800374925136566,-98.00374925136566
fat_tail,fat_tail|atr2|trail30|72h|300bps,40,-6.136097609996796,-7.116134974360466,0.9800373673439026,-0.21532346407572428,1.8584399474294562,6,-0.9800373673439026,-98.00373673439026
fat_tail,fat_tail|atr2|trail40|168h|100bps,40,-3.876210641860962,-5.036714053153991,1.1605034053325654,-0.08957762377602714,2.2459814159237608,6,-1.1605034053325654,-116.05034053325653
fat_tail,fat_tail|atr2|trail40|168h|200bps,40,-4.876210641860962,-6.036714053153991,1.1605034053325654,-0.08957763229097639,2.245981430520817,6,-1.1605034053325654,-116.05034053325653
fat_tail,fat_tail|atr2|trail40|168h|300bps,40,-5.876210659742355,-7.036713981628418,1.1605033159255982,-0.08957770892551967,2.2459813137443696,6,-1.1605033159255982,-116.05033159255981
fat_tail,fat_tail|atr2|trail40|24h|100bps,42,-1.9824377936976296,-3.4208399071579887,1.4384020964304607,-0.15093667060136795,2.668002864588862,6,-1.4384020964304607,-143.84020964304608
fat_tail,fat_tail|atr2|trail40|24h|200bps,42,-2.982437782344364,-4.420839936250732,1.4384021333285741,-0.15093664824962616,2.6680029475170635,6,-1.4384021333285741,-143.84021333285742
fat_tail,fat_tail|atr2|trail40|24h|300bps,42,-3.98243780930837,-5.420839934210692,1.4384021049454099,-0.15093667060136795,2.6680028801378994,6,-1.4384021049454099,-143.840210494541
fat_tail,fat_tail|atr2|trail40|72h|100bps,40,-3.876210641860962,-4.991290336847305,1.115079689025879,-0.11392115222083198,2.220534119797586,6,-1.115079689025879,-111.50796890258789
fat_tail,fat_tail|atr2|trail40|72h|200bps,40,-4.876210641860962,-5.991290354728699,1.1150797069072724,-0.11392113897535536,2.2205341263703575,6,-1.1150797069072724,-111.50797069072725
fat_tail,fat_tail|atr2|trail40|72h|300bps,40,-5.876210659742355,-6.991290283203125,1.1150796175003053,-0.11392120520273845,2.220533992643551,6,-1.1150796175003053,-111.50796175003053
fat_tail,fat_tail|fixed10|trail20|168h|100bps,30,-6.007139786084493,-6.969280095895131,0.9621403137842814,-0.23339859900936002,2.285645325978597,6,-0.9621403137842814,-96.21403137842815
fat_tail,fat_tail|fixed10|trail20|168h|200bps,30,-7.007139780124029,-7.969280048211416,0.9621402740478515,-0.2333985605547505,2.2856451352437337,6,-0.9621402740478515,-96.21402740478516
fat_tail,fat_tail|fixed10|trail20|168h|300bps,30,-8.007139790058137,-8.969279994567236,0.9621402104695638,-0.23339862208212575,2.285645039876302,6,-0.9621402104695638,-96.21402104695638
fat_tail,fat_tail|fixed10|trail20|24h|100bps,34,-4.515752419829369,-5.308251498376622,0.7924990890657201,-0.5100507850156111,2.2992706145009687,6,-0.7924990890657201,-79.249908906572
fat_tail,fat_tail|fixed10|trail20|24h|200bps,34,-5.5157524145701355,-6.308251569814542,0.7924991723369149,-0.5100507087567273,2.299270676028344,6,-0.7924991723369149,-79.24991723369149
fat_tail,fat_tail|fixed10|trail20|24h|300bps,34,-6.5157524255268715,-7.3082515597343445,0.7924991407815147,-0.5100507490775165,2.299270649110117,6,-0.7924991407815147,-79.24991407815148
fat_tail,fat_tail|fixed10|trail20|72h|100bps,32,-5.642999775707722,-6.553817227482796,0.9108174555003643,-0.22414419580908382,2.0972500998398353,6,-0.9108174555003643,-91.08174555003643
fat_tail,fat_tail|fixed10|trail20|72h|200bps,32,-6.642999770119786,-7.553817184641957,0.9108174201101065,-0.22414415548829472,2.097249984741211,6,-0.9108174201101065,-91.08174201101065
fat_tail,fat_tail|fixed10|trail20|72h|300bps,32,-7.642999779433012,-8.553817136213183,0.9108173623681068,-0.22414420632755055,2.0972499025279077,6,-0.9108173623681068,-91.08173623681068
fat_tail,fat_tail|fixed10|trail30|168h|100bps,25,-8.88239185333252,-10.67905760757625,1.7966657257080079,-0.3845671017964681,5.944390253587202,6,-1.7966657257080079,-179.66657257080078
fat_tail,fat_tail|fixed10|trail30|168h|200bps,25,-9.88239185333252,-11.679057607650757,1.7966657257080079,-0.3845671017964681,5.944390253587202,6,-1.7966657257080079,-179.66657257080078
fat_tail,fat_tail|fixed10|trail30|168h|300bps,25,-10.88239185333252,-12.679057579040528,1.7966657257080079,-0.3845670223236084,5.944390253587202,6,-1.7966657257080079,-179.66657257080078
fat_tail,fat_tail|fixed10|trail30|24h|100bps,32,-4.275770737789571,-6.217584920988884,1.941814157180488,-0.5204635928658878,4.818004211357661,6,-1.941814157180488,-194.1814157180488
fat_tail,fat_tail|fixed10|trail30|24h|200bps,32,-5.275770737789571,-7.2175849373452365,1.9418141786009073,-0.5204635928658878,4.818004257338387,6,-1.9418141786009073,-194.18141786009073
fat_tail,fat_tail|fixed10|trail30|24h|300bps,32,-6.275770740117878,-8.217584904283285,1.9418141599744558,-0.5204635227427763,4.8180041909217834,6,-1.9418141599744558,-194.18141599744558
fat_tail,fat_tail|fixed10|trail30|72h|100bps,27,-8.237836873089826,-9.897197401013088,1.6593605015012953,-0.39607551964846527,5.269345840987037,6,-1.6593605015012953,-165.93605015012955
fat_tail,fat_tail|fixed10|trail30|72h|200bps,27,-9.237836873089826,-10.897197403289654,1.6593605037088748,-0.39607551422986115,5.269345842740115,6,-1.6593605037088748,-165.93605037088747
fat_tail,fat_tail|fixed10|trail30|72h|300bps,27,-10.237836873089826,-11.897197379006279,1.6593605059164542,-0.396075422113592,5.269345844493193,6,-1.6593605059164542,-165.93605059164543
fat_tail,fat_tail|fixed10|trail40|168h|100bps,25,-8.496631898880004,-11.007731018066407,2.511099090576172,-0.21972036361694336,8.396222879245787,6,-2.511099090576172,-251.10990905761722
fat_tail,fat_tail|fixed10|trail40|168h|200bps,25,-9.496631898880004,-12.007730979919433,2.5110990524291994,-0.21972036361694336,8.396222838818291,6,-2.5110990524291994,-251.10990524291995
fat_tail,fat_tail|fixed10|trail40|168h|300bps,25,-10.496631898880004,-13.007730903625488,2.511098976135254,-0.21972036361694336,8.396222757963292,6,-2.511098976135254,-251.1098976135254
fat_tail,fat_tail|fixed10|trail40|24h|100bps,32,-3.974395773373544,-6.404975732788444,2.4305799333378673,-0.4343584884296764,6.506342259320346,6,-2.4305799333378673,-243.05799333378673
fat_tail,fat_tail|fixed10|trail40|24h|200bps,32,-4.974395773373544,-7.404975749086589,2.4305799547582865,-0.4343584884296764,6.506342280994762,6,-2.4305799547582865,-243.05799547582865
fat_tail,fat_tail|fixed10|trail40|24h|300bps,32,-5.974395775701851,-8.404975678771734,2.43057987652719,-0.43435852455370355,6.506342221390117,6,-2.43057987652719,-243.05798765271902
fat_tail,fat_tail|fixed10|trail40|72h|100bps,27,-7.880651730078238,-10.201524632948416,2.320872876379225,-0.2431552685224093,7.469855886239272,6,-2.320872876379225,-232.0872876379225
fat_tail,fat_tail|fixed10|trail40|72h|200bps,27,-8.880651730078238,-11.201524599834725,2.3208728432655334,-0.2431552639374366,7.46985584955949,6,-2.3208728432655334,-232.08728432655334
fat_tail,fat_tail|fixed10|trail40|72h|300bps,27,-9.880651730078238,-12.201524531399762,2.320872774830571,-0.24315525935246393,7.469855776199927,6,-2.320872774830571,-232.08727748305708
fat_tail,fat_tail|fixed20|trail20|168h|100bps,23,-6.73421543577443,-7.173287821852642,0.43907240162725036,-0.28129174709320065,1.8222958445549011,6,-0.43907240162725036,-43.90724016272504
fat_tail,fat_tail|fixed20|trail20|168h|200bps,23,-7.734215438365936,-8.17328793587892,0.43907250528750214,-0.2812916560967763,1.8222961127758026,6,-0.43907250528750214,-43.90725052875021
fat_tail,fat_tail|fixed20|trail20|168h|300bps,23,-8.734215347663216,-9.173287972160008,0.4390726089477539,-0.28129164814949037,1.8222960829734802,6,-0.4390726089477539,-43.90726089477539
fat_tail,fat_tail|fixed20|trail20|24h|100bps,29,-5.183975029608299,-5.19612500790892,0.012149961857960141,-0.8884132305000509,1.5736117923960966,6,-0.012149961857960141,-1.214996185796014
fat_tail,fat_tail|fixed20|trail20|24h|200bps,29,-6.183975031663632,-6.19612501767175,0.012149969051624167,-0.8884133335380326,1.5736118484945858,6,-0.012149969051624167,-1.2149969051624168
fat_tail,fat_tail|fixed20|trail20|24h|300bps,29,-7.183974962296157,-7.196125009964252,0.012150014268940893,-0.8884128950039545,1.5736116872114294,6,-0.012150014268940893,-1.2150014268940892
fat_tail,fat_tail|fixed20|trail20|72h|100bps,25,-6.209950170516968,-6.625174732208252,0.41522457599639895,-0.27911069759955776,1.7510112643241882,6,-0.41522457599639895,-41.52245759963989
fat_tail,fat_tail|fixed20|trail20|72h|200bps,25,-7.209950172901154,-7.625174839496612,0.41522467374801636,-0.27911076637414783,1.751011598110199,6,-0.41522467374801636,-41.522467374801636
fat_tail,fat_tail|fixed20|trail20|72h|300bps,25,-8.20995008945465,-8.625174875259399,0.41522477149963377,-0.27911046835092396,1.75101135969162,6,-0.41522477149963377,-41.52247714996338
fat_tail,fat_tail|fixed20|trail30|168h|100bps,16,-13.75445932149887,-13.745131217772723,-0.009328126907348633,-2.214633208054763,2.482631739448099,5,0.009328126907348633,0.9328126907348633
fat_tail,fat_tail|fixed20|trail30|168h|200bps,16,-14.75445932149887,-14.745131216943264,-0.009328126907348633,-2.214633208054763,2.482631739448099,5,0.009328126907348633,0.9328126907348633
fat_tail,fat_tail|fixed20|trail30|168h|300bps,16,-15.75445932149887,-15.745131328701973,-0.009328007698059082,-2.214633208054763,2.482631851645077,5,0.009328007698059082,0.9328007698059082
fat_tail,fat_tail|fixed20|trail30|24h|100bps,24,-4.910782355815172,-5.33407333921059,0.4232909716665745,-1.339129102230072,2.338073220642065,5,-0.4232909716665745,-42.32909716665745
fat_tail,fat_tail|fixed20|trail30|24h|200bps,24,-5.910782355815172,-6.3340733492126065,0.42329097042481106,-1.339129102230072,2.3380732846606147,5,-0.42329097042481106,-42.32909704248111
fat_tail,fat_tail|fixed20|trail30|24h|300bps,24,-6.9107823589195805,-7.334073290228844,0.42329091578722,-1.3391291618347168,2.338073239671149,5,-0.42329091578722,-42.329091578722
fat_tail,fat_tail|fixed20|trail30|72h|100bps,18,-12.24628602133857,-12.249146806606506,0.002860764662424723,-2.214633208054763,2.0524056141193094,5,-0.002860764662424723,-0.2860764662424723
fat_tail,fat_tail|fixed20|trail30|72h|200bps,18,-13.24628602133857,-13.249146809180578,0.0028607679737938773,-2.214633208054763,2.0524056141193094,5,-0.0028607679737938773,-0.28607679737938774
fat_tail,fat_tail|fixed20|trail30|72h|300bps,18,-14.24628602133857,-14.249146911833021,0.0028608772489759657,-2.214633208054763,2.0524056141193094,5,-0.0028608772489759657,-0.28608772489759654
fat_tail,fat_tail|fixed20|trail40|168h|100bps,16,-13.984011605381966,-14.680937841534615,0.6969261765480042,-1.4491779063807593,4.151048728397915,5,-0.6969261765480042,-69.69261765480042
fat_tail,fat_tail|fixed20|trail40|168h|200bps,16,-14.984011605381966,-15.680937677621841,0.6969260573387146,-1.4491780020131002,4.151048728397915,5,-0.6969260573387146,-69.69260573387146
fat_tail,fat_tail|fixed20|trail40|168h|300bps,16,-15.984011605381966,-16.68093767762184,0.6969260573387146,-1.4491780020131002,4.151048728397915,5,-0.6969260573387146,-69.69260573387146
fat_tail,fat_tail|fixed20|trail40|24h|100bps,23,-4.365773189326991,-5.122697072184605,0.7569238452807717,-1.2712883949279785,3.178959109716945,5,-0.7569238452807717,-75.69238452807717
fat_tail,fat_tail|fixed20|trail40|24h|200bps,23,-5.365773189326991,-6.122697072832481,0.7569238439850186,-1.2712883949279785,3.1789591345522137,5,-0.7569238439850186,-75.69238439850186
fat_tail,fat_tail|fixed20|trail40|24h|300bps,23,-6.365773192566374,-7.12269705793132,0.7569238284359807,-1.2712883949279785,3.1789591312408447,5,-0.7569238284359807,-75.69238284359807
fat_tail,fat_tail|fixed20|trail40|72h|100bps,18,-12.45033249590132,-13.080974916617075,0.6306423677338494,-1.4268560072309093,3.4761696282555077,5,-0.6306423677338494,-63.06423677338494
fat_tail,fat_tail|fixed20|trail40|72h|200bps,18,-13.45033249590132,-14.080974774228203,0.6306422650814056,-1.4268560096621514,3.4761696282555077,5,-0.6306422650814056,-63.064226508140564
fat_tail,fat_tail|fixed20|trail40|72h|300bps,18,-14.45033249590132,-15.080974777539572,0.6306422683927748,-1.4268560095837242,3.4761696282555077,5,-0.6306422683927748,-63.06422683927748
fat_tail,fat_tail|support|trail20|168h|100bps,34,-4.6020736764459045,-4.582224090309704,-0.01984955633387846,-0.6667943937437875,0.8173530720106761,6,0.01984955633387846,1.984955633387846
fat_tail,fat_tail|support|trail20|168h|200bps,34,-5.6020736764459045,-5.582224034604972,-0.019849615938523236,-0.6667944278035846,0.8173530375666679,6,0.019849615938523236,1.9849615938523235
fat_tail,fat_tail|support|trail20|168h|300bps,34,-6.602073669433594,-6.582224021939671,-0.019849665024701285,-0.6667944874082293,0.8173529578501284,6,0.019849665024701285,1.9849665024701286
fat_tail,fat_tail|support|trail20|24h|100bps,35,-3.573256890262876,-3.3894156966890607,-0.18384121571268355,-1.1639448458498174,0.757955957777468,6,0.18384121571268355,18.384121571268356
fat_tail,fat_tail|support|trail20|24h|200bps,35,-4.573256919213704,-4.38941568008491,-0.1838412540299552,-1.1639449054544622,0.7579559128620191,6,0.1838412540299552,18.38412540299552
fat_tail,fat_tail|support|trail20|24h|300bps,35,-5.5732569098472595,-5.389415660926274,-0.18384126765387399,-1.1639450102141409,0.7579559552020895,6,0.18384126765387399,18.3841267653874
fat_tail,fat_tail|support|trail20|72h|100bps,34,-4.6020736764459045,-4.582224090309704,-0.01984955633387846,-0.6667943937437875,0.8173530720106761,6,0.01984955633387846,1.984955633387846
fat_tail,fat_tail|support|trail20|72h|200bps,34,-5.6020736764459045,-5.582224034604972,-0.019849615938523236,-0.6667944278035846,0.8173530375666679,6,0.019849615938523236,1.9849615938523235
fat_tail,fat_tail|support|trail20|72h|300bps,34,-6.602073669433594,-6.582224021939671,-0.019849665024701285,-0.6667944874082293,0.8173529578501284,6,0.019849665024701285,1.9849665024701286
fat_tail,fat_tail|support|trail30|168h|100bps,32,-6.808333575725555,-7.082690946292132,0.2743573412299156,-1.1553271550398607,1.7010666808566532,6,-0.2743573412299156,-27.435734122991562
fat_tail,fat_tail|support|trail30|168h|200bps,32,-7.808333575725555,-8.082690864801407,0.27435725927352905,-1.1553272650792048,1.7010666228629447,6,-0.27435725927352905,-27.435725927352905
fat_tail,fat_tail|support|trail30|168h|300bps,32,-8.808333575725555,-9.08269077539444,0.2743571698665619,-1.155327375118549,1.7010665842004724,6,-0.2743571698665619,-27.43571698665619
fat_tail,fat_tail|support|trail30|24h|100bps,35,-3.4921758200441086,-4.172890647394317,0.6807147800922394,-1.3539492282374153,2.8148664598136452,6,-0.6807147800922394,-68.07147800922394
fat_tail,fat_tail|support|trail30|24h|200bps,35,-4.492175848994936,-5.172890673152038,0.6807147792407444,-1.3539492796207298,2.814866458363803,6,-0.6807147792407444,-68.07147792407444
fat_tail,fat_tail|support|trail30|24h|300bps,35,-5.4921758464404515,-6.17289058140346,0.6807146906852722,-1.3539494317153404,2.8148664304661177,6,-0.6807146906852722,-68.07146906852722
fat_tail,fat_tail|support|trail30|72h|100bps,32,-6.808333575725555,-7.082690946292132,0.2743573412299156,-1.1553271550398607,1.7010666808566532,6,-0.2743573412299156,-27.435734122991562
fat_tail,fat_tail|support|trail30|72h|200bps,32,-7.808333575725555,-8.082690864801407,0.27435725927352905,-1.1553272650792048,1.7010666228629447,6,-0.27435725927352905,-27.435725927352905
fat_tail,fat_tail|support|trail30|72h|300bps,32,-8.808333575725555,-9.08269077539444,0.2743571698665619,-1.155327375118549,1.7010665842004724,6,-0.2743571698665619,-27.43571698665619
fat_tail,fat_tail|support|trail40|168h|100bps,32,-7.347791828215122,-7.33153891377151,-0.016252905130386353,-1.2357852382044638,1.239749831122321,6,0.016252905130386353,1.6252905130386353
fat_tail,fat_tail|support|trail40|168h|200bps,32,-8.347791828215122,-8.331538788974285,-0.0162530317902565,-1.2357853612592142,1.2397497086911589,6,0.0162530317902565,1.62530317902565
fat_tail,fat_tail|support|trail40|168h|300bps,32,-9.347791828215122,-9.331538744270802,-0.016253076493740082,-1.2357855304594962,1.2397497344661403,6,0.016253076493740082,1.6253076493740082
fat_tail,fat_tail|support|trail40|24h|100bps,35,-3.9853947937488554,-4.385957080977303,0.4005622753075191,-1.395304214495879,2.3296509079816863,6,-0.4005622753075191,-40.05622753075191
fat_tail,fat_tail|support|trail40|24h|200bps,35,-4.985394822699683,-5.3859570398926735,0.40056220633643014,-1.395304290147928,2.329650780049766,6,-0.40056220633643014,-40.056220633643015
fat_tail,fat_tail|support|trail40|24h|300bps,35,-5.985394820145198,-6.385956989015852,0.40056215865271433,-1.3953044414520264,2.329650810578974,6,-0.40056215865271433,-40.05621586527143
fat_tail,fat_tail|support|trail40|72h|100bps,32,-7.347791828215122,-7.33153891377151,-0.016252905130386353,-1.2357852382044638,1.239749831122321,6,0.016252905130386353,1.6252905130386353
fat_tail,fat_tail|support|trail40|72h|200bps,32,-8.347791828215122,-8.331538788974285,-0.0162530317902565,-1.2357853612592142,1.2397497086911589,6,0.0162530317902565,1.62530317902565
fat_tail,fat_tail|support|trail40|72h|300bps,32,-9.347791828215122,-9.331538744270802,-0.016253076493740082,-1.2357855304594962,1.2397497344661403,6,0.016253076493740082,1.6253076493740082
fat_tail,ladder|atr2|trail40|168h|100bps,40,-3.944220906496048,-5.116396510601044,1.1721756041049958,-0.21045301942264333,2.6447033461402443,6,-1.1721756041049958,-117.21756041049957
fat_tail,ladder|atr2|trail40|168h|200bps,40,-4.944220906496048,-6.116396486759186,1.1721755802631377,-0.21045307552113252,2.6447032900417553,6,-1.1721755802631377,-117.21755802631377
fat_tail,ladder|atr2|trail40|168h|300bps,40,-5.94422093629837,-7.116396415233612,1.1721754789352417,-0.21045317369348862,2.6447031638201546,6,-1.1721754789352417,-117.21754789352417
fat_tail,ladder|atr2|trail40|24h|100bps,42,-1.843730669646036,-3.4866061906019845,1.6428755010877336,-0.1409907117486,3.0550190085702997,6,-1.6428755010877336,-164.28755010877336
fat_tail,ladder|atr2|trail40|24h|200bps,42,-2.8437306597119285,-4.486606202664829,1.6428755152793157,-0.14099068939685822,3.055019066886878,6,-1.6428755152793157,-164.28755152793158
fat_tail,ladder|atr2|trail40|24h|300bps,42,-3.8437306866759346,-5.486606189271524,1.6428754755428858,-0.1409907117486,3.055018992576808,6,-1.6428754755428858,-164.28754755428858
fat_tail,ladder|atr2|trail40|72h|100bps,40,-3.944220906496048,-5.070972794294358,1.1267518877983094,-0.23233499025043688,2.624869861386039,6,-1.1267518877983094,-112.67518877983093
fat_tail,ladder|atr2|trail40|72h|200bps,40,-4.944220906496048,-6.070972788333893,1.1267518818378448,-0.2323350278954757,2.6248698938976633,6,-1.1267518818378448,-112.67518818378448
fat_tail,ladder|atr2|trail40|72h|300bps,40,-5.94422093629837,-7.070972716808319,1.1267517805099487,-0.23233512828224584,2.6248697584325615,6,-1.1267517805099487,-112.67517805099487
fat_tail,ladder|fixed10|trail40|168h|100bps,25,-8.772550354003906,-11.308551921844483,2.536001510620117,-0.7043758161140211,9.179510586443973,6,-2.536001510620117,-253.6001510620117
fat_tail,ladder|fixed10|trail40|168h|200bps,25,-9.772550354003906,-12.308551921844483,2.536001510620117,-0.7043758161140211,9.179510586443973,6,-2.536001510620117,-253.6001510620117
fat_tail,ladder|fixed10|trail40|168h|300bps,25,-10.772550354003906,-13.308551845550538,2.536001434326172,-0.7043759895093513,9.17951050394471,6,-2.536001434326172,-253.60014343261722
fat_tail,ladder|fixed10|trail40|24h|100bps,32,-3.7923426730558276,-6.56149891577661,2.7691561905667186,-0.3877166159012738,7.330855920910835,6,-2.7691561905667186,-276.91561905667186
fat_tail,ladder|fixed10|trail40|24h|200bps,32,-4.792342674918473,-7.561498932074755,2.769156211987138,-0.3877166159012738,7.330855943262577,6,-2.769156211987138,-276.9156211987138
fat_tail,ladder|fixed10|trail40|24h|300bps,32,-5.792342677246779,-8.561498861759901,2.7691561337560415,-0.3877166018766515,7.330855889245868,6,-2.7691561337560415,-276.91561337560415
fat_tail,ladder|fixed10|trail40|72h|100bps,27,-8.136131781118888,-10.480062506817005,2.3439306727162115,-0.6990816487985498,8.159634905089327,6,-2.3439306727162115,-234.39306727162113
fat_tail,ladder|fixed10|trail40|72h|200bps,27,-9.136131781118888,-11.480062509024584,2.343930674923791,-0.699081647045472,8.159634905133153,6,-2.343930674923791,-234.3930674923791
fat_tail,ladder|fixed10|trail40|72h|300bps,27,-10.136131781118888,-12.480062440589622,2.3439306064888283,-0.6990818135878619,8.159634832248946,6,-2.3439306064888283,-234.39306064888282
fat_tail,ladder|fixed20|trail40|168h|100bps,15,-14.6428098042806,-16.443788146972658,1.8009783426920574,-0.340544187105619,5.8648329416910805,5,-1.8009783426920574,-180.09783426920575
fat_tail,ladder|fixed20|trail40|168h|200bps,15,-15.6428098042806,-17.443788146972658,1.8009783426920574,-0.340544187105619,5.8648329416910805,5,-1.8009783426920574,-180.09783426920575
fat_tail,ladder|fixed20|trail40|168h|300bps,15,-16.6428098042806,-18.443788146972658,1.8009783426920574,-0.340544187105619,5.8648329416910805,5,-1.8009783426920574,-180.09783426920575
fat_tail,ladder|fixed20|trail40|24h|100bps,23,-4.112481919319733,-4.230754166841507,0.1182722876901212,-3.1907342986056677,3.5649676902426615,5,-0.1182722876901212,-11.82722876901212
fat_tail,ladder|fixed20|trail40|24h|200bps,23,-5.11248192191124,-5.230754177855409,0.11827228639436804,-3.1907342986056677,3.56496771507793,5,-0.11827228639436804,-11.827228639436804
fat_tail,ladder|fixed20|trail40|24h|300bps,23,-6.112481925150623,-6.2307541629542476,0.11827227084533028,-3.190734311154014,3.564967711766561,5,-0.11827227084533028,-11.827227084533028
fat_tail,ladder|fixed20|trail40|72h|100bps,17,-12.941408606136546,-14.542315602302551,1.600906996166005,-0.340544187105619,4.826838162210253,5,-1.600906996166005,-160.0906996166005
fat_tail,ladder|fixed20|trail40|72h|200bps,17,-13.941408606136546,-15.542315605808707,1.6009069996721603,-0.340544187105619,4.826838162210253,5,-1.6009069996721603,-160.09069996721604
fat_tail,ladder|fixed20|trail40|72h|300bps,17,-14.941408606136546,-16.542315609314862,1.600907003178316,-0.340544187105619,4.826838162210253,5,-1.600907003178316,-160.0907003178316
fat_tail,ladder|support|trail40|168h|100bps,32,-7.704547047615051,-7.664750598371029,-0.03979644924402237,-1.1826339771873073,0.8107904406154857,6,0.03979644924402237,3.979644924402237
fat_tail,ladder|support|trail40|168h|200bps,32,-8.704547047615051,-8.664750471711159,-0.03979657590389252,-1.1826340775740773,0.810790314393885,6,0.03979657590389252,3.9796575903892517
fat_tail,ladder|support|trail40|168h|300bps,32,-9.704547047615051,-9.664750427007675,-0.0397966206073761,-1.1826340524773848,0.810790314393885,6,0.0397966206073761,3.97966206073761
fat_tail,ladder|support|trail40|24h|100bps,35,-4.009746938943863,-3.478593783719199,-0.5311531518186842,-1.4021522740000172,0.16778740428742908,6,0.5311531518186842,53.11531518186842
fat_tail,ladder|support|trail40|24h|200bps,35,-5.00974696959768,-4.478593768179417,-0.5311531935419355,-1.402152313997871,0.16778738158089773,6,0.5311531935419355,53.115319354193545
fat_tail,ladder|support|trail40|24h|300bps,35,-6.0097469670431956,-5.478593717302595,-0.5311532412256513,-1.4021524943803485,0.16778733474867685,6,0.5311532412256513,53.115324122565134
fat_tail,ladder|support|trail40|72h|100bps,32,-7.704547047615051,-7.664750598371029,-0.03979644924402237,-1.1826339771873073,0.8107904406154857,6,0.03979644924402237,3.979644924402237
fat_tail,ladder|support|trail40|72h|200bps,32,-8.704547047615051,-8.664750471711159,-0.03979657590389252,-1.1826340775740773,0.810790314393885,6,0.03979657590389252,3.9796575903892517
fat_tail,ladder|support|trail40|72h|300bps,32,-9.704547047615051,-9.664750427007675,-0.0397966206073761,-1.1826340524773848,0.810790314393885,6,0.0397966206073761,3.97966206073761
